The results are ordered in the same order as in c_rc_df (according to protein name),,,,,,,,
pos_1_res4_nt,pos_2_res4_nt,pos_3_res4_nt,pos_1_res7_nt,pos_2_res7_nt,pos_3_res7_nt,pos_1_res12_nt,pos_2_res12_nt,pos_3_res12_nt
0.923979425,-0.005051723,0.688820121,0.912856635,-0.644411171,0.810052878,0.931643373,-0.350903057,0.580167549
0.976874323,0.983438233,0.997532872,0.969086075,0.940447606,0.993886738,0.981595265,0.785110963,0.998513658
0.084011702,-0.884256657,0.641843616,-0.109823786,-0.979366425,0.636362838,0.180709869,-0.713602985,0.665718467
0.741551753,0.999058923,0.999938224,0.576019771,0.810106769,0.98998975,0.220990802,0.637973765,0.99992177
0.719873619,0.864983818,0.685109743,0.655231964,0.991451984,0.536329114,0.717103758,0.862784682,0.678493797
0.309036282,0.802995425,-0.3269992,0.334749756,0.832610124,-0.179083838,0.58816245,0.43216792,-0.163525062
0.49904825,-0.23538328,0.998728045,-0.296465892,0.493367085,0.998270893,-0.521497853,0.875338592,0.996845301
0.778623121,0.950813813,0.360912,0.74114036,0.812413011,0.390140746,0.859104495,0.835763894,0.321596703
0.998576102,0.983469148,0.998584158,0.999799648,0.987859306,0.999182636,0.999670838,0.817526392,0.998413856
0.907198429,0.997246899,0.999126324,0.859491311,0.985096692,0.961885401,0.897068659,0.87099612,0.99515028
-0.608511978,0.393489937,-0.067859664,-0.729503774,-0.139647871,0.535799255,-0.786281539,-0.208275533,0.068420416
0.996208902,0.97721492,0.998710502,0.996859093,0.984887292,0.999271636,0.996287303,0.854991325,0.998523518
0.299208896,0.992819675,0.041055972,0.148966878,0.994322308,0.159999287,0.605129702,0.978163826,-0.196309035
-0.795917907,-0.002297554,0.982659997,-0.727570992,-0.573570933,0.977869851,-0.593513135,-0.436502991,0.988909143
0.711418961,0.896939648,0.998989283,0.528531477,0.825184417,0.99633423,0.023255604,0.431086599,0.989739932
0.154452496,-0.13960958,-0.131244788,0.278660178,-0.081528707,0.194885244,0.233500816,0.434303718,-0.300757225
0.999895864,0.00698583,0.959261511,0.998801898,0.015974319,0.9509707,0.998265968,-0.103531488,0.794531885
0.524553434,-0.242676199,-0.490398989,0.102823386,-0.023104971,-0.695176158,0.294960359,-0.149389087,-0.385826305
0.509568737,0.994436597,-0.044962641,0.661625933,0.981050198,0.032843684,0.267232701,0.947282501,0.415206514
0.99971574,0.962670376,0.98814262,0.995881641,0.967608943,0.997354474,0.999597069,0.843820036,0.995731116
0.655558216,0.976699427,0.996879339,0.144671756,0.963283623,0.999473549,0.839962586,0.979449567,0.999133109
0.724114754,0.980301831,-0.284913289,0.975806587,0.929038095,-0.896148991,0.991484115,0.941967832,-0.786434657
0.707633798,0.989059175,0.991464059,0.420252667,0.968285782,0.998126539,0.814157879,0.996209191,0.994389453
0.700372323,0.994998941,0.980956695,0.739694295,0.962345698,0.99589609,0.385298363,0.967027794,0.997331696
0.600240526,0.597361485,0.978093134,0.385639517,0.515616329,0.991118651,0.167812562,0.591024559,0.998421926
0.718936645,0.90839136,0.967018296,0.628051343,0.682208672,0.997311948,0.426419445,0.913520011,0.998186532
0.590189508,0.892430706,0.931422301,0.422594206,0.953145386,0.94294244,0.717543552,0.866985366,0.921380857
0.733382275,0.052753823,0.995388916,0.530879799,-0.516880495,0.963474689,0.297994189,0.109722554,0.98756796
-0.397510109,0.957927422,0.798633115,-0.384964097,0.862796377,0.940044918,-0.383087709,0.93057599,0.596176801
0.794931855,0.153261689,0.741474058,0.603742124,0.181896173,0.824635158,0.744755798,0.172655148,0.938192156
-0.921566055,0.113168202,0.681494567,-0.514198086,0.307949969,0.397865892,-0.525150671,0.130378928,0.406886735
0.99719942,0.820159374,0.842531664,0.997629774,0.888318288,0.403617686,0.99762558,0.902327728,0.451937733
0.66535327,0.626710342,0.998657783,0.396517399,0.351589696,0.999401655,0.559248839,0.508704671,0.984051663
0.809999044,-0.30759211,0.397286877,0.82678193,-0.268028873,0.707427357,0.582420933,-0.295480857,0.922102129
0.747543415,0.987620001,0.997054208,0.382090665,0.999158204,0.986886734,0.030007868,0.999391618,0.99812005
0.698034302,-0.362338128,0.31290564,0.883077127,-0.168707387,0.131795538,0.595145039,-0.222815824,-0.105173172
0.986429937,0.740021844,0.835122018,0.981459266,0.734970367,0.860705476,0.964496169,0.439680868,0.953707313
0.999368274,0.468843643,0.822574349,0.998068656,-0.451094426,0.943697376,0.999814074,0.67570374,0.985208229
0.999533774,0.55849289,0.627458285,0.998708192,0.767134329,0.931033018,0.999509778,0.62298634,0.704264954
0.025515362,0.959048366,0.948177304,-0.072804111,0.835198372,0.990797949,0.267952944,0.877066867,0.99629795
0.953949243,0.797748695,-0.426643929,0.987651029,0.988506018,-0.034723123,0.9845384,0.864851302,-0.419973502
0.97465448,0.930818221,0.175624289,0.997465207,0.978080877,0.024729984,0.99790783,0.974764907,-0.223947546
0.872201736,0.706708222,0.999383774,0.888257165,0.93417456,0.985918174,0.679986006,0.89248855,0.985518822
0.550365051,-0.126002013,0.813136277,0.519300673,0.852819789,0.90372391,0.596005748,0.335200598,0.957216752
0.266884412,0.849768915,0.999867423,0.350647085,0.983960505,0.998339085,0.621996192,0.991720144,0.995341935
0.89707635,0.899660084,0.482600117,0.880190563,0.917450361,0.305627857,0.914383264,0.844286275,0.730477557
0.998661987,0.90419275,-0.431895488,0.996699985,0.958581574,-0.360815676,0.965529621,0.974971829,-0.404375082
0.667161199,0.999862018,0.99057278,0.996162746,0.999917577,0.998807506,0.868594036,0.999766306,0.996885695
0.363906474,0.989649325,0.053764948,0.625870071,0.984597285,0.107147576,0.279660485,0.993873015,0.158386646
0.931028065,0.967203977,0.957984776,0.987498093,0.970229924,0.985560973,0.995237988,0.976050819,0.881452206
0.335308551,0.957708508,0.277167822,0.527230856,0.97021033,0.050075429,0.284813804,0.956379532,-0.049864094
0.468837389,-0.061023848,0.372855697,0.567892302,-0.208621558,0.812732887,-0.038540814,-0.325192101,0.528889584
0.354635473,-0.719737182,0.99756958,0.457807944,0.260266371,0.981044519,0.101258892,-0.783364507,0.999678077
0.999578529,0.960510455,-0.685880553,0.999317369,0.99630467,-0.133201308,0.996701241,0.978151424,-0.377473582
0.405294545,0.676243915,0.043628953,0.542369688,-0.028437847,-0.360113938,0.829529695,-0.935704466,-0.399550443
-0.277727044,-0.297221568,0.992757282,-0.363240543,-0.175708613,0.984269856,-0.174698909,-0.347050085,0.999927265
-0.298099008,0.023131746,0.936029472,-0.180806149,0.285494545,0.91102509,-0.434762333,0.033065064,0.954922325
0.89877867,0.050942931,-0.093780039,0.918519721,-0.720884802,0.944565959,0.886277158,-0.38326338,-0.427499138
0.970168937,0.906762349,-0.647478845,0.977677394,0.916604164,0.058172119,0.962740261,0.018244579,0.391798927
0.663808622,0.981586876,0.999120929,0.511363676,0.757475928,0.998672055,0.577578735,0.921644902,0.997179713
-0.435231558,0.99048941,0.999859525,-0.198695105,0.95906147,0.998700023,-0.055315203,0.991456728,0.998004591
-0.976947754,-0.154231504,-0.168732949,-0.958334183,-0.306883745,0.187380168,-0.976176795,-0.488688698,0.280636425
0.593385678,0.962214527,-0.638691625,0.608145936,0.937653263,-0.810962835,0.58218559,0.875728565,-0.225960895
0.062823688,-0.549890737,-0.677581856,0.011377774,-0.08459119,-0.257902665,0.093394688,-0.32473662,-0.620558463
-0.973780748,0.999891378,0.893583252,-0.775787922,0.998105923,0.954158083,-0.716144775,0.988177894,0.95808409
0.999330961,0.709049958,0.851021158,0.999145559,0.426928026,0.581377752,0.998566331,0.52843389,0.382571336
0.305750591,-0.386266895,0.273223433,0.586988694,-0.209224339,0.444022209,0.513247981,-0.203096586,0.876397195
0.52917649,0.980514201,0.994281639,0.72221321,0.984435303,0.999860746,0.451258226,0.994072635,0.999614919
0.849000463,0.948530193,0.89035673,0.967327224,0.969055207,0.952850705,0.981780836,0.951093516,0.959044952
0.162979682,0.912282515,0.636013885,0.621668442,0.81354808,0.412537098,0.527837481,0.71472559,0.972774235
0.330168591,0.992116099,0.107811729,0.559473027,0.979827284,0.335021794,-0.166790125,0.9988522,0.677428675
-0.094070799,0.870444469,0.983408485,-0.258149156,0.73485195,0.938385101,-0.414822513,0.880214932,0.979627687
0.882779003,0.8082663,0.106367663,0.781364575,0.573531761,-0.780418938,0.854133032,0.69431985,-0.863513191
0.527993933,0.57505342,0.995708888,0.581185716,0.744149059,0.9842084,0.60467601,0.637848294,0.999923783
0.993896394,0.97327908,0.988103301,0.993669026,0.691754449,0.997297222,0.979768535,0.972360988,0.999276667
0.686296148,0.140603335,0.994917516,0.63796894,0.20830328,0.981122709,0.474748253,0.308601906,0.999810855
-0.099783869,0.678781738,0.665589085,-0.272437377,0.352866112,0.616704974,-0.599925059,0.923915371,0.473269136
0.999029286,0.993549804,0.919886211,0.999102157,0.985489459,0.932942423,0.994927381,0.989926642,0.92067157
0.998349996,0.991642345,0.99559369,0.998439861,0.999815805,0.999156677,0.991866677,0.964194271,0.999761739
0.155579653,0.845425602,0.503215051,-0.036023404,0.5793311,0.522740723,-0.222667214,0.993744757,0.329143782
0.942299386,0.983564138,0.273183897,0.303417936,0.835469161,0.27519036,0.832633306,0.992074977,-0.369307361
0.821726365,-0.274588053,0.988521322,0.744500485,0.107612354,0.983121237,0.940738526,0.333984233,0.993492838
0.693299559,0.778819678,0.611718795,0.629229022,-0.244771031,-0.548840054,0.978554147,0.826294245,0.089787529
0.548356292,0.927195273,0.835075517,0.461515276,0.936105381,-0.68558629,0.478156904,0.767481843,0.542659863
0.891186404,0.989147147,0.999471062,0.518945326,0.987843812,0.999192934,0.995328852,0.975201543,0.998000277
0.949308533,0.997870903,0.998386095,0.909360284,0.996226902,0.999497083,0.926028654,0.989976306,0.999547871
-0.966064178,0.991847114,0.999590004,-0.687789964,0.992112063,0.999853325,-0.843883275,0.980260101,0.999652687
0.292693561,0.971211033,0.998486959,0.133758447,0.938587267,0.996390416,0.533582221,0.929896536,0.999814499
0.993268987,0.186732539,0.38239066,0.999154169,0.040252746,0.880020013,0.995821703,-0.06398885,0.586074943
0.999919415,0.572444284,0.994873222,0.996478694,0.964006963,0.997738978,0.999462942,0.908860282,0.998567468
0.526690135,0.999476081,0.995624549,-0.612488678,0.996496432,0.998523235,0.535851285,0.964319141,0.99943227
0.991621713,0.342792227,0.994873223,0.994817105,0.654314442,0.99796179,0.992656278,-0.145000058,0.999524727
0.681100389,0.977428817,0.768817203,0.768106094,0.961919258,0.760609729,0.60270617,0.993249382,0.766655186
0.691857598,0.982853426,-0.177329033,0.867457221,0.956527192,-0.162549863,0.582478901,0.990221646,-0.279907907
0.574224273,0.122439508,0.926186822,0.438152097,0.066662977,0.937620659,0.336655934,0.324592597,0.888911153
0.562528372,-0.417742618,-0.533201107,0.528706265,-0.541144204,-0.736976518,0.584025226,-0.102867421,-0.710880543
0.1727595,-0.75113124,-0.131877135,0.415290753,-0.791755409,-0.190726927,0.372931524,-0.752336943,-0.110870348
0.316364857,0.72680634,0.77812462,0.296475658,0.681884763,0.791053766,0.382782925,0.847824576,0.722056488
0.775424252,0.030740798,0.982107317,0.983062979,0.269284396,0.62223694,0.651720308,-0.016001076,0.939776554
0.655342859,0.945863262,0.995708244,0.900045402,0.920303018,0.996585772,0.636504038,0.805315762,0.99858358
0.042923126,-0.093934188,-0.774722823,-0.135123621,-0.763694063,-0.281424237,-0.013731508,0.330033722,-0.577177548
0.375493797,0.680570928,0.995972347,0.58800847,0.714642668,0.973570706,0.096203877,0.942384323,0.976594643
0.852152827,0.963134204,0.993767781,0.181058194,0.959063976,0.993709323,0.327667973,0.943150601,0.996189133
0.943754665,0.935085262,0.948208442,0.987687281,0.932928577,0.971672169,0.99715302,0.906593757,0.971091782
0.950148465,0.97958102,0.758337536,0.500353001,0.919576981,0.265349673,0.634005598,0.901987194,0.780143157
-0.244825766,0.779296604,0.956348837,0.036107139,0.769505466,0.996715651,0.003902624,0.614376846,0.965792395
0.188934857,0.95601725,0.977322849,0.024910262,0.892103207,0.997598461,0.15199213,0.853100618,0.983039168
0.431724169,-0.60765417,-0.169770283,0.613735193,0.201344167,0.030646733,0.472543973,0.748721008,-0.10508142
0.785761522,0.105921605,0.99426777,0.953774023,0.64619904,0.996572215,0.808216674,0.619782923,0.999305616
0.394396301,0.296152288,0.988483729,0.531885869,0.850229496,0.997247817,0.578267101,0.904237193,0.995076398
0.521934254,0.991295791,0.993485878,0.403116008,0.997945076,0.978058044,0.403044102,0.993450447,0.973353405
0.998844509,0.587554624,0.998143984,0.998576086,0.447963226,0.996889283,0.999593503,0.503869832,0.998761328
0.924321185,0.999814481,0.992713174,0.893287429,0.993355156,0.998236477,0.901474118,0.989940402,0.993675526
-0.110536903,0.244492431,0.392043706,-0.16233074,-0.166771092,0.414207975,-0.238070197,0.243865049,0.36773226
0.994344235,0.218926718,0.484689313,0.996672549,-0.016352695,0.393547566,0.990004995,0.281976587,0.356594395
0.504985561,-0.838728324,0.371084907,0.615551905,0.469228977,0.627289213,0.543356561,-0.464935239,0.315343113
-0.896068107,0.552711737,0.999610466,-0.345030271,0.018928678,0.995999297,-0.653750804,0.412654828,0.982623292
0.555093631,0.761864806,0.999596488,0.61649423,0.532275721,0.994407809,0.513902492,0.80424663,0.998043466
0.537287724,0.895275458,0.998377355,0.355447735,0.95536738,0.996619713,0.241446696,0.897934009,0.998850065
0.987144735,0.676236591,-0.09968419,0.986150027,-0.104648741,0.534716105,0.990395633,0.553224559,0.148931032
0.718424037,0.675753746,-0.55555975,0.654306052,0.764331719,-0.634865654,0.950943256,0.78544033,-0.732746168
0.997892852,0.97467362,0.991015893,0.99730667,0.95190433,0.760898249,0.998812365,0.953530858,0.747633503
0.662998399,0.667203131,-0.395982067,0.100647595,0.760951288,-0.293936573,0.661808977,0.79305315,-0.317291029
0.988656545,-0.044169392,-0.081849475,0.987832263,-0.144381785,-0.247215519,0.987772385,-0.052682449,-0.595599095
0.690876989,0.432968546,0.382833008,0.607078232,0.421532301,-0.261547835,0.108725291,0.354003449,-0.59396618
0.573331076,0.991256486,0.910773615,0.755075787,0.963685129,0.184674583,0.646441217,0.897966202,-0.517460518
0.998866323,0.956445349,0.912381702,0.998423485,0.930771259,0.621080952,0.999005683,0.920566823,0.22503788
0.997149499,0.913248732,0.970076016,0.997939547,0.913792984,0.971391485,0.996542685,0.916708293,0.965150038
-0.18858084,-0.187995509,0.545186495,-0.000953217,-0.096626164,-0.969199212,-0.56639987,-0.131716023,-0.992016558
0.906790921,-0.733590939,-0.978455088,0.898059129,-0.5652091,-0.813709623,0.926259056,-0.719582616,-0.405290997
0.941237496,-0.568058636,0.602161049,0.943124755,-0.948303694,0.955172501,0.935761109,-0.562597519,0.719511697
0.998752633,0.993467048,0.385791881,0.99903883,0.581404957,0.262528994,0.996093253,0.981972524,0.206825675
-0.077382077,-0.107575266,0.295808607,-0.10374078,0.654642347,0.121784571,-0.442791315,-0.35767507,0.778495445
0.999640337,0.45769345,0.003670953,0.999578289,0.418972981,0.223341432,0.999597135,0.863661299,-0.629413156
-0.164491476,0.856796622,0.99362634,-0.514935544,0.895082268,0.987917876,-0.507857123,0.89700581,0.998461379
0.819327712,0.958666724,0.785178926,0.840973429,0.931610359,0.710707476,0.831231763,0.850519885,0.689628385
0.843587524,0.815089899,0.945301656,0.954296601,0.809384483,0.924088414,0.888290521,0.869157659,0.933790166
0.816363935,0.717594403,0.835548809,0.864349689,0.934235927,0.997189645,0.860858391,0.958446738,0.99032565
0.225427506,0.062376495,0.154830243,0.303204053,0.090351993,0.510204976,0.258261236,0.134305807,0.871786906
0.826094756,0.93776712,0.896004068,0.686820934,0.996557488,0.995608175,0.850941276,0.990950869,0.993728765
0.698133508,0.733565303,0.998506989,0.788995686,-0.450108211,0.994774726,0.427538504,-0.436087384,0.981061027
0.820560048,0.929033788,0.997539302,0.957257064,0.921109967,0.994243205,0.550505049,0.988899827,0.980301749
0.820560048,0.929033747,0.997539302,0.941205057,0.933449583,0.990521618,0.478408639,0.989129104,0.980807109
-0.656634782,0.862265433,-0.197610033,-0.602299086,0.997723986,0.383900534,-0.725489634,0.514173044,0.265938289
0.595522861,0.988727654,0.904979283,0.311521896,0.873977442,-0.035189086,0.159590768,0.806948181,-0.3488209
0.074520202,0.953965448,0.416408738,0.164745318,-0.173310502,0.891300555,0.193384168,0.60937817,0.982292113
0.057254234,0.932515283,0.847299923,0.471774913,0.998525562,0.324680784,0.831641219,0.578761444,0.419677477
0.99760689,-0.013470147,0.995653261,0.999937016,-0.332946876,0.998827969,0.99898506,0.375050417,0.999227722
0.997752566,0.999473058,0.999049128,0.998862217,0.996323254,0.996908532,0.996444452,0.993487646,0.998225917
0.369199486,-0.52857747,-0.218361695,-0.547741544,-0.330730774,0.685142714,0.030639846,-0.63827076,0.696316344
0.999774088,0.81276451,0.890118388,0.999180988,0.79455228,0.933195984,0.999331485,0.755246656,0.930053846
-0.451638519,0.869140873,-0.7292379,-0.651528973,0.916956671,-0.879688334,-0.757750207,0.666696337,-0.878674297
0.658104433,0.743430941,0.960149757,0.478073434,-0.581465982,0.968272684,0.608006311,0.819254242,0.98569684
-0.743224272,0.950100842,-0.807279174,-0.875625544,0.996861812,0.482475155,-0.861604622,0.833955137,-0.740222871
0.998228044,-0.134754995,0.985527064,0.999515215,0.049980612,0.998199005,0.999618083,0.022333374,0.99826967
0.998199337,-0.600863336,0.996339635,0.868402701,-0.39201144,0.995320627,0.964171838,-0.397491176,0.998711612
0.901512308,0.67604862,0.952451774,0.769928817,0.665331657,0.923837821,0.764845714,0.992566963,0.472390459
0.997003774,0.945981722,0.671853386,0.999884927,0.575431467,0.012124222,0.998302755,0.931908507,0.367747959
-0.486999603,0.988035649,0.998999622,-0.227862263,0.959479045,0.998853037,-0.360348272,0.986559555,0.996984228
0.972364005,-0.654982468,0.957014783,0.896846717,-0.654446093,0.293729873,-0.256748016,-0.420708808,0.583223977
0.99974786,0.954437418,0.982331876,0.999070063,0.96307908,0.113763654,0.999326711,0.985480944,0.679103574
0.410500804,0.982021349,0.945108338,0.310210755,0.981850912,0.117451503,0.361240236,0.998066628,0.431593589
0.460071769,0.981582035,0.962687156,0.120969967,0.957239274,0.972721357,0.162761508,0.984554674,0.941577996
0.876487551,-0.167906849,-0.386090832,-0.254014699,0.238103421,-0.680200891,-0.111807445,0.098200168,-0.271776046
0.998729009,0.950706409,-0.069852136,0.99956864,0.901234142,0.425438924,0.999749597,0.844270124,-0.09199748
0.993189152,0.963734031,0.349803548,0.998541609,0.954867674,0.387002064,0.997157641,0.668948742,0.752098194
0.788660504,0.829392518,0.636623524,0.981945615,0.91228652,0.055053971,0.884703053,0.965945988,0.412139357
0.992724087,0.987106203,0.27487619,0.9953122,0.950910901,0.259175092,0.997318333,0.968392344,0.318112207
0.932489092,0.932428658,0.970623741,0.934592645,0.919449524,0.966522065,0.906553519,0.9179474,0.997090053
0.922090954,0.968881203,0.891983127,0.916323007,0.950800693,0.891461631,0.886796434,0.958947948,0.968850127
0.91855629,0.906392133,0.884095574,0.80144367,0.84033039,0.835392029,0.880696196,0.927033823,0.897975289
-0.009946551,0.808065146,-0.445977506,0.291236542,0.793627389,-0.515802426,0.223780287,0.933468254,-0.271072375
-0.012882154,0.935604525,0.474139818,0.505096096,0.724855318,-0.057176911,0.634315515,0.865539503,0.254526158
0.559369439,0.030071403,0.794273923,0.22505007,0.669765207,0.615755281,0.613898921,-0.979624733,0.903329589
0.31291541,0.502704274,0.402579701,0.634152831,0.941810643,-0.298183179,0.129983747,0.949280331,0.298882825
0.935680847,0.669547913,0.569425378,0.99892154,0.337306232,0.862832742,0.986114274,0.8686777,0.521841706
0.542989612,0.963271077,0.948704665,0.679712896,0.967096437,-0.171077222,0.352341447,0.994773128,-0.308740307
-0.840140348,0.706579666,0.374024297,-0.99964523,0.929192683,-0.175992956,-0.495087969,0.948223464,0.365544036
0.167559407,-0.092290917,-0.713145312,0.427726808,-0.017574963,-0.554121686,0.170873202,-0.431883139,-0.697861983
0.989113087,0.938527868,0.379757366,0.984799495,0.889902405,-0.653081123,0.989939356,0.927989057,0.356204408
0.999912575,0.695657682,0.388148975,0.99803313,0.97470131,0.634351204,0.999620121,0.89013488,0.333035443
0.999899523,0.906735994,0.599223661,0.99958437,0.996830254,0.512057691,0.999201739,0.987566057,-0.12670184
0.355700106,0.864938021,0.995530761,0.102194142,0.760662302,0.998367363,0.022231591,-0.348661478,0.997302439
0.815412446,0.866943301,0.213656526,0.789149137,0.19461125,0.362215776,0.87701525,0.571198261,0.343143896
-0.155637872,0.766846367,0.391470184,-0.083113504,0.937547786,0.415710161,-0.351261461,0.984917876,0.389886189
0.965663922,0.735060071,0.828006124,0.764191093,0.937694383,0.857741191,0.951560032,0.993295393,0.826575278
0.410937497,0.999536316,0.998931634,-0.006639143,0.996622959,0.999730314,0.137187415,0.98974331,0.998614395
0.861736663,0.9907134,0.958094022,0.908909992,0.987986679,0.61501961,0.736276641,0.987114066,0.344652187
0.405005353,0.557514625,0.999815378,0.616175027,0.758580016,0.999983825,0.277053427,0.593901522,0.999647557
0.545825069,-0.713369207,0.834997998,0.528729712,0.033401627,0.411178715,0.524656545,-0.403915603,0.857478136
0.238363637,0.731954633,0.988200898,0.547661482,0.88873331,0.985822333,0.285290608,0.857568205,0.984391699
-0.140345232,0.871731788,-0.080638446,0.330268456,0.84676029,-0.519327631,-0.251167537,0.926922892,0.193793747
0.389116042,0.997263033,0.998744234,0.427910833,0.699535246,0.995866376,0.173479636,0.691287,0.998211959
0.581504054,0.76710102,0.334258485,0.498927076,0.7215139,0.381587018,0.578162713,0.739939813,0.427228524
0.816892289,0.992095927,0.737711502,0.698730197,0.625706171,0.128881874,0.755463437,0.878230016,0.733216426
-0.826705122,-0.520973238,0.180430497,-0.97292574,-0.534337964,0.072251057,-0.771920199,-0.35813616,-0.067993909
-0.246802848,0.141321179,0.538148941,-0.06535302,0.773043256,0.315154021,0.819185065,0.301673486,-0.414304402
0.208111384,0.719131753,0.642370085,0.439309253,-0.805751155,0.522052765,0.461514538,0.537296451,0.806969004
-0.471837555,0.813708293,-0.457590142,-0.368090664,0.997010826,-0.180449563,-0.424449276,0.728116677,0.074777107
0.79573734,0.881298382,0.930245048,0.735866922,0.880517785,0.902961426,0.887708977,0.999095002,0.931840575
0.941815238,0.030949919,0.950588916,0.696596752,0.911222262,0.968106804,0.819615304,0.190124393,0.964415347
-0.150465393,0.960387375,0.978963143,-0.272510138,0.956623684,0.990047344,0.788212453,0.859886843,0.993441094
-0.395468415,0.600798714,0.990201072,-0.510960704,0.424261946,0.999334705,-0.227153948,0.094518747,0.998761708
0.576767468,0.998597482,0.647805896,0.879510382,0.983915012,0.790248551,0.988640053,0.975559751,0.898232105
0.24395221,0.990641059,-0.111861263,0.771213912,0.912016769,0.527129734,0.906540117,0.992619868,0.962904399
0.93989435,0.977295668,0.304850255,0.975395529,0.980354734,0.952522112,0.6316409,0.900626253,0.519717382
0.122794859,0.205483168,0.771431365,0.30704125,0.360589003,0.913817229,0.629463908,0.273940478,0.894800887
0.285276203,0.986321841,0.965189742,0.307025624,0.988889811,0.996116681,0.896212098,0.893239419,0.997953925
0.624311067,0.941253108,0.988069983,0.060388203,0.998686606,0.996557493,-0.047931748,0.58304367,0.996031069
0.598980359,0.992176056,-0.216336744,0.666896738,0.969875308,0.603415165,0.882727558,0.986653345,0.991977734
-0.150160816,0.892061491,0.59686584,-0.177924175,0.990001173,0.781370293,-0.107812774,0.995852091,0.695208385
0.714126382,0.999803461,-0.113893674,0.696122629,0.991228063,-0.44260412,0.815098678,0.944714772,0.43148164
0.985377238,0.998251286,0.999512833,0.996049403,0.992975272,0.995829847,0.978377942,0.993839999,0.999678204
0.998680244,0.008181553,0.999009557,0.999690702,-0.005211654,0.96269528,0.996530186,-0.482524525,0.999729617
0.826647694,-0.40612005,-0.794433459,0.681483006,-0.239683881,-0.742555966,0.610217382,-0.472160222,-0.723214899
0.992802181,0.646727057,0.076295379,0.998073732,0.632893082,0.005791513,0.996433719,0.57229066,0.240251508
-0.835634548,0.051859466,0.996959068,-0.939857627,0.201825674,0.997909429,-0.820079731,0.35672026,0.999104462
-0.440988698,0.977194079,0.995275412,-0.480383437,0.997119857,0.997587246,-0.370210734,0.971797005,0.987668209
0.999563505,0.048107003,0.994048917,0.996873883,-0.78683206,0.995827136,0.998639257,-0.184017416,0.996670869
0.007637795,0.968125045,0.18289775,0.143509552,0.992727073,0.915761615,0.061046973,0.964686868,-0.307854554
0.583108357,0.892706232,0.935037053,0.51559383,0.915134303,0.955889456,0.279410887,0.825196105,0.905187358
0.997685797,0.911223928,0.994022645,0.983564395,0.905562449,0.99998795,0.988046506,0.800417167,0.99052129
0.984665934,0.967034204,-0.01527333,0.971839477,0.949017431,-0.3342914,0.983499964,0.987067957,-0.79284145
0.919721157,0.992652737,0.928091056,0.908380439,0.967601196,0.914472444,0.894508382,0.998496272,0.860210089
-0.495681392,-0.503940146,0.923010035,-0.475906161,-0.441108724,-0.731440122,-0.582351245,-0.222902794,-0.350196557
0.998449442,0.896669879,-0.282496982,0.999068062,0.959436665,-0.359674892,0.997395469,0.974714527,-0.320130714
0.995737583,0.930203779,0.737792196,0.997417341,0.981264811,0.368796102,0.996834053,0.981617174,0.51044186
0.758513089,0.999659413,-0.00915426,0.74625115,0.997223317,-0.027503429,0.759808787,0.999503477,-0.037486423
0.996002391,0.034055306,-0.593263978,0.994980064,-0.233601437,-0.679776216,0.402518942,0.011177587,-0.666989203
-0.524279854,-0.501825313,0.901347101,-0.730746454,-0.380654107,-0.682415333,-0.569595055,-0.70369782,-0.169664159
0.866912923,-0.72272159,0.883059878,0.851239665,-0.6932318,0.839741366,0.881062226,0.544756009,0.898638087
0.990886603,0.078297894,-0.455113773,0.995968066,0.018023867,-0.685584618,0.953768573,0.193929369,-0.174587583
0.999389851,0.990280079,0.083671656,0.998331757,0.998560064,0.640755131,0.995818087,0.989918586,0.840070149
0.998745298,0.989088578,0.986669052,0.997832778,0.994698473,0.984793648,0.99636482,0.963773463,0.991592077
0.135369232,0.428385317,0.99878022,0.069939957,0.817779103,0.997459748,0.113070332,-0.470915075,0.999813745
0.115633527,0.856115838,0.755091717,-0.13215506,0.790595667,0.967444281,-0.04357753,0.887592329,0.871175484
0.99795967,0.999147619,0.950588646,0.999360715,0.994108646,0.934305491,0.99701919,0.996841611,0.950410664
0.272212497,-0.33817022,0.998753201,0.04800354,-0.27237641,0.999992838,0.139512654,-0.390406175,0.9996171
-0.715673741,0.673221622,0.993594117,-0.765921041,0.85173352,0.999576655,-0.665894233,0.229228485,0.997854234
0.60026476,0.972702965,0.999094433,0.561348269,0.677639312,0.999953191,0.570246892,0.882077181,0.99971176
0.522788411,0.99568961,0.468754807,0.752638455,0.919748652,0.273900459,0.62324624,0.976181958,0.445620478
0.941354421,0.989021245,0.961594116,0.838992903,0.965565343,0.672757479,0.847664914,0.975821636,0.904792919
0.695568466,0.718227043,0.916639894,0.418668228,0.779962883,0.896880272,0.747484293,0.6631413,0.915476311
-0.56671644,-0.377151515,-0.543250726,-0.582198063,-0.560924823,-0.084975905,-0.293432435,-0.320925156,-0.268073921
-0.73945877,0.989462695,0.998395357,-0.855980026,0.993225954,0.998885509,-0.753188191,0.995720689,0.99712673
0.932410811,0.956252122,0.987060369,0.915843544,0.934027971,0.00067422,0.912885159,0.888321954,0.954743074
0.549832307,0.025643621,0.997974371,0.881870201,0.081628097,0.973049366,0.917435876,0.069631877,0.99452315
0.912465473,-0.36066054,0.934791871,0.909470784,-0.773491905,0.994638354,0.95854042,-0.439477768,0.993751462
0.589918256,0.953739421,0.737810121,0.660813088,0.903416324,-0.325588991,0.799372643,0.951027414,0.84038017
0.686386667,0.819611828,0.995640629,0.593295064,0.832801435,0.998019239,0.799631604,0.839504665,0.99758914
0.999136779,0.998260588,0.719184743,0.998854837,0.988022898,0.83312165,0.998588471,0.996076347,0.974328596
0.412917738,0.894283067,0.997300945,0.244107659,0.829048779,0.99445378,-0.404797451,0.989106409,0.989310996
0.943009024,0.987498602,0.998352934,0.957649573,0.972077311,0.994358815,0.587716299,0.979884768,0.987653837
0.872101905,0.976201967,0.581807611,0.912349843,0.987808677,0.69751807,0.944449402,0.988161949,0.936345829
0.445497687,0.972381936,0.400905338,0.360821119,0.957678381,-0.990548928,0.357128529,0.77844929,0.412800071
-0.504503937,-0.008451943,0.999447936,-0.263596156,0.524256334,0.998326474,0.34816442,0.492803283,0.999415882
0.224979188,-0.673874693,-0.04723014,0.384619334,-0.495370554,-0.236012152,0.295419652,-0.42393305,-0.207129981
-0.552648995,0.633087614,0.053395406,-0.591223283,0.865587016,0.259479822,-0.493544711,0.829452406,0.628314935
0.752086351,-0.101559774,0.318083821,0.73389913,-0.375326367,-0.152780318,0.488825836,-0.076775686,0.183280538
0.997692126,0.951131715,0.523667874,0.984425482,0.867639833,-0.334031834,0.956874002,0.996318278,0.966157739
-0.263068707,0.595295505,0.99833243,-0.259767572,0.36891094,0.993712563,-0.223194175,0.972203977,0.998508763
-0.22700887,-0.135830277,0.954040499,-0.040930735,-0.092797764,0.987523474,-0.144213946,0.101626538,0.655679573
0.997983208,0.993176769,0.999923278,0.971573425,0.987006306,0.997862485,0.998414177,0.970531987,0.997742404
0.687851682,-0.039142622,-0.425704076,0.248883546,0.652387275,-0.182111775,0.396002529,0.60497465,-0.308838623
0.773230828,0.105807686,0.326416938,0.711636453,-0.07054159,0.401985225,0.787372811,0.064106541,0.262900677
0.440819309,0.976720679,0.937169916,-0.569315398,-0.645485519,0.921451824,-0.749762194,-0.158231466,0.575989001
0.964651248,0.853481467,0.999707845,0.999482086,0.907711516,0.999554723,0.999077448,0.628380415,0.99777316
0.810508376,0.984577353,0.999718927,0.943829119,0.972082894,0.999664859,0.871784934,0.992144392,0.993461473
-0.367569738,0.985938738,0.974194647,-0.377876367,0.915086727,0.961710495,-0.43019128,0.964098246,0.678381491
0.636549507,0.989000054,0.958415628,0.672086243,0.992603496,0.999513813,0.648042341,0.806024519,0.998435941
0.881596556,-0.149812376,0.999604242,0.998751396,0.172429175,0.999841991,0.99462174,0.839738714,0.930570235
0.920692023,0.062530627,0.999604242,0.983959676,0.258911853,0.999822948,0.892389555,0.899703068,0.936060831
-0.015033638,0.995627932,0.914884117,-0.28207351,0.99193794,0.87648744,0.100659509,0.908030844,0.963210426
0.940917882,-0.375040715,-0.093398715,0.942442484,0.896317316,0.950858831,0.735994319,-0.056489392,0.840110407
-0.739854754,0.951105344,0.826519571,-0.888865644,0.9956817,0.372230224,-0.735993019,0.990149367,0.348796794
0.99936301,0.787732678,0.988773298,0.999498045,0.671253427,0.99675328,0.999273439,0.803759098,0.998010399
0.885045605,0.990005502,0.999117156,0.509456909,0.982675849,0.998398102,0.535958791,0.987671836,0.998654753
0.958060405,0.600937096,0.988773298,0.945579718,-0.052819058,0.997774243,0.948836833,0.817556072,0.998148004
-0.179173241,0.412391129,0.930497482,0.260447471,0.449499082,0.936599945,0.36186892,0.468867314,0.923589143
0.88810313,-0.146961234,-0.513968623,0.558699197,-0.27002415,-0.936657182,0.890893471,-0.317977162,-0.497735678
0.643478762,0.950214873,0.975184601,0.701143985,0.95469925,0.976774474,0.885265207,0.975318634,0.967244353
0.982596525,-0.132702077,-0.284743966,0.98283063,-0.107639361,-0.444619032,0.955876802,-0.199144341,-0.395158697
0.753042926,0.895019107,0.398871149,0.768067535,0.846293766,-0.331238511,0.728845491,0.866119756,0.162354269
0.979606351,0.832637475,0.99652117,0.986311495,0.784876916,0.999579912,0.973516158,0.785943929,0.994561318
0.983614799,0.824484543,0.999421883,0.991957885,0.958764173,0.988745961,0.98516846,0.979611181,0.992225722
0.974232203,0.298602139,0.997280131,0.99928278,0.085773193,0.997703172,0.953819579,-0.126701224,0.996131075
0.699290049,0.884161637,0.779572703,0.757193362,0.80244897,0.683385741,0.601794487,0.50648455,0.811099821
0.530998642,-0.090540992,0.99167601,0.445844512,-0.132395622,0.988037582,-0.024001001,-0.149380494,0.992943436
0.99958994,0.790765725,-0.284151471,0.997320845,0.998505685,-0.202605394,0.995881071,0.998986861,-0.354491232
0.999998132,0.96085049,0.997905209,0.999816092,0.998669118,0.997902174,0.998179059,0.998979678,0.994555
0.459822128,0.747152502,0.882693269,0.743657092,0.978496566,0.725821883,0.827986168,0.802843061,0.790856207
0.735751916,0.968997159,0.836676469,0.773239991,0.996079962,0.802775603,0.902978551,0.967349356,0.84864477
-0.404088784,0.989404338,-0.145822765,-0.379267171,0.992496236,-0.325743707,-0.177300419,0.982875354,-0.297815043
0.553950946,0.970145434,0.993554516,0.572716437,0.989765507,0.99581335,0.561501133,0.92035523,0.984178723
0.735936674,0.982148644,-0.077288442,0.67454355,0.998980936,-0.891576203,0.56778228,0.937755381,-0.94554591
0.188516549,0.827056935,0.502312223,0.516916626,0.894343617,0.730796202,0.321576805,0.421964982,0.912285503
0.907578213,0.944696541,0.533063505,0.842517296,0.60233646,-0.025623528,0.788992157,0.396874923,0.820427716
0.997433306,0.771820612,-0.264457255,0.993340732,0.828112159,-0.210192165,0.984025463,0.779829226,0.939437275
0.99952475,-0.755591677,0.990954657,0.99942936,-0.393629311,0.994760759,0.995625593,-0.380992161,0.969063155
0.999317608,0.512660514,0.999385091,0.99977561,0.949141151,0.997941303,0.996033248,0.525790468,0.987614525
0.921036224,0.961492028,0.999438945,0.921089362,0.977989361,0.998343855,0.919782495,0.932407716,0.98757225
-0.585095714,0.004254345,3.89E-05,-0.608967205,-0.347818235,0.302900951,-0.553621278,-0.139323456,0.624842861
-0.348439949,0.945182652,0.480722892,-0.37750711,0.990793961,0.799837641,-0.305087239,0.803910762,0.647362834
0.997984562,0.954233766,0.604468254,0.994186445,0.9880224,0.734880907,0.996265258,0.952562117,0.597372541
0.998951808,0.070476177,0.920603024,0.991777116,-0.478029277,0.996348662,0.994923509,0.617508458,0.986147093
-0.309185657,-0.207137025,-0.272350768,-0.447569094,-0.511417518,0.748989497,0.065465091,-0.398504694,0.086758974
-0.630088673,-0.85298018,-0.345857015,-0.687082481,-0.790858581,-0.463474374,-0.59036885,-0.945464582,-0.324834248
-0.132273499,0.173692925,0.992339632,-0.14443996,0.549559183,0.998840538,0.220635749,0.378968496,0.988561131
0.594970908,0.308994871,0.990316002,0.476653246,0.809831243,0.994857438,0.634609881,0.498225774,0.999793549
0.997362656,0.999958654,0.99644575,0.999194668,0.995506902,0.998178267,0.999509756,0.973530909,0.99165185
0.752915565,0.934009141,0.865306156,0.393182377,0.925915785,0.866916761,0.545889164,0.800651207,0.820280063
0.930308258,0.964799412,0.407947032,0.909702147,0.96672167,0.36982459,0.948410115,0.973826144,0.293476965
0.99916293,0.955932567,0.145847004,0.998706252,0.991655199,-0.007604623,0.99892808,0.992991662,0.057695997
-0.911934263,-0.278334681,-0.016081589,-0.751500328,-0.231781806,-0.180250638,-0.854336692,-0.174026205,0.0334502
0.448698165,0.99724873,-0.435420098,0.904281817,0.985882402,-0.412483366,0.189341544,0.994549866,-0.355369417
0.782399141,0.973412062,-0.446389891,0.329861408,0.975425317,-0.417367911,0.837721826,0.912715123,-0.359072408
0.997706153,0.993943908,0.998267563,0.993187737,0.991800005,0.996170582,0.995686251,0.995838714,0.996175483
-0.722106733,-0.924895444,0.906189456,-0.832960667,-0.629338749,0.943728643,-0.846162102,-0.952114046,0.916832018
0.054033453,0.998763377,0.989087176,-0.215286269,0.992856535,0.987972153,-0.337111754,0.916798099,0.966677843
0.821521649,0.7452186,0.864160467,0.831057755,0.544477213,0.823968292,0.980380822,0.056298497,-0.28590683
0.854294909,0.888546102,0.997383455,0.738930209,0.800434353,0.998923947,0.623666156,0.990990541,0.964892405
0.876701375,0.390801451,0.419343293,0.666591892,0.281218978,0.40809908,0.939576768,0.214524394,0.335665712
0.910229129,0.876349386,0.985285923,0.898420819,0.795284204,0.998563386,0.915604644,0.988559698,0.979212248
0.761441514,-0.073325731,-0.192741403,0.582025177,-0.282995665,-0.20850624,0.873459359,-0.246597919,-0.280657248
0.026368004,-0.552621917,-0.002081662,0.180148227,0.553492096,-0.114266639,0.450637937,-0.291487136,-0.11023679
-0.940070151,-0.329999984,0.460575373,-0.817098691,0.921291941,0.461565784,-0.349515725,0.098419721,0.437864351
-0.007573393,-0.186659328,0.924306021,0.225249103,-0.49635093,0.924391843,-0.032369692,-0.724429252,0.966368084
0.433705826,-0.991427894,0.816188791,0.602718246,-0.983009944,0.870782813,0.780744904,-0.953106051,0.939862808
0.999326594,0.994596188,0.994655074,0.99914827,0.881444758,0.999885368,0.997678897,0.983499806,0.988871757
-0.160254299,-0.06174566,0.71564945,-0.268876554,-0.365229112,0.932727179,-0.060209174,0.414638044,0.666414383
0.976634594,0.984111327,0.995867068,0.986623644,0.995861979,0.996005203,0.844271585,0.994526605,0.998344691
0.733772644,0.954631449,0.401546209,0.724350572,0.993184259,0.670595273,0.666136126,0.900467973,0.708586088
0.997131044,-0.091066465,-0.45162658,0.996760217,-0.228010238,-0.745093609,0.994498221,-0.043397149,-0.603810995
0.234002723,-0.536196682,0.859815765,0.429904,-0.378406563,0.872229187,0.605798323,0.282516452,0.769473105
-0.34378388,0.93367853,0.999078756,-0.361168502,0.953250976,0.987688474,-0.337887556,0.876899915,0.995036558
0.658708348,0.383247992,0.99355965,0.656874174,0.408053031,0.987214488,0.662966453,0.492456596,0.979325954
0.097075314,0.705537481,0.874508688,0.247299673,0.56726286,-0.013239064,0.431846812,0.575656034,0.159240736
0.810451276,-0.298036712,0.964160691,0.235265885,0.062198948,0.985787597,0.958056817,-0.417437491,0.980533098
0.999928826,0.972876475,0.858376876,0.996364359,0.894389083,0.622117196,0.999771586,0.869027203,0.759408544
0.971146127,0.684181448,0.993989113,0.932825077,0.766692454,0.998948584,0.921186042,0.713222348,0.99851762
-0.802619133,0.875088742,0.996851823,-0.995715378,0.398394998,0.996549835,-0.919360472,0.628786757,0.997321107
0.981589037,0.990602323,0.279494907,0.992152672,0.872614175,-0.48313458,0.97132432,0.955375431,-0.279268981
-0.947350757,0.864223291,0.166982176,-0.946042223,0.902127744,0.474856296,-0.795743891,0.92252422,0.895201486
0.641012422,0.426873854,0.986037502,0.659935047,0.715705271,0.990484496,0.539589789,0.439789171,0.957504132
0.917229525,0.996655175,0.573794139,0.955989077,0.976256725,0.446496694,0.846875985,0.994023613,0.798410587
0.641941784,0.949708593,0.9991636,0.809801061,0.945364564,0.996619567,0.303430864,0.805628009,0.99228518
-0.275109567,0.520947924,0.998531143,-0.376644188,0.7471127,0.994760972,-0.272565355,0.539036376,0.987728898
0.991386092,0.99592442,0.98326045,0.992068374,0.999483997,0.989469491,0.989253528,0.999476169,0.998149689
0.443950922,0.601954057,0.996341479,0.328311187,0.822266983,0.982916276,0.208098707,0.553546003,0.982481399
0.999706909,0.994154182,0.997737737,0.993856459,0.981691491,0.997593546,0.999685304,0.978896359,0.996170091
0.95339205,0.96857993,0.993310489,0.890446543,0.990075056,0.974576729,0.941074852,0.994074836,0.995439449
0.994203533,0.856431058,0.982645613,0.983796261,0.730647249,0.979739735,0.995410882,0.990892497,0.983408795
0.999319927,0.999729866,0.997755016,0.97642826,0.997153822,0.999469315,0.99931456,0.9995506,0.998548399
0.999408025,0.948946565,0.999058488,0.967113593,0.942462615,0.999590092,0.999123992,0.947173665,0.994115764
0.063085614,0.993831801,0.997235662,0.310725805,0.996733086,0.998689473,0.461139342,0.991291729,0.999846387
0.981865236,0.996005431,0.933821854,0.978983593,0.985290625,0.73285057,0.9774035,0.943841194,0.817607259
0.474802592,0.955929556,0.171878647,0.680575541,0.911654765,0.586989016,0.562919061,0.892380243,0.646053689
0.469435935,0.898428086,0.17283953,0.417960049,0.816761742,0.338631437,0.47981897,0.889085019,0.380680755
0.188328332,0.832219976,0.999171564,0.006304673,0.199944727,0.997655235,0.024343498,0.830897693,0.991398057
0.677493779,0.403731264,-0.237847283,0.853932446,0.176809174,0.016058738,0.742917942,0.644883172,0.983573422
-0.30468625,0.825462768,0.270175094,-0.442990597,0.740538994,0.509446876,-0.484197472,0.873445852,0.702734257
0.427871688,-0.210995191,0.959286852,0.255266006,-0.562329427,0.981684734,0.423291358,0.279099324,0.951010307
0.973914025,0.581725507,-0.04259498,0.998923609,0.634186431,-0.380340191,0.997973447,0.687696574,0.862479866
0.521181984,-0.152105975,0.983609891,0.790389955,-0.613822294,0.984212422,0.496172936,-0.688858678,0.97829104
0.029835702,0.999255764,0.490594868,-0.217484779,0.974529471,-0.634750894,-0.278072554,0.969900561,-0.447633419
0.536836951,0.957549969,0.611097557,0.445767974,0.988782739,0.599881741,-0.189747472,0.992152115,0.565918101
0.961555001,0.598472869,-0.085123691,0.539933434,0.317291011,0.623503445,0.257115678,0.41390882,0.619411595
0.817374077,0.960923769,0.998545158,0.807931356,0.994605263,0.999059099,0.686863565,0.99696164,0.99453628
0.272837143,0.987166928,0.991541765,0.212380808,0.983680965,0.990028344,0.779028399,0.977641854,0.989875054
0.848515286,0.914896712,0.96126776,0.851677923,0.948594703,0.960684723,0.684757051,0.979602818,0.963980533
0.999174362,0.981491118,-0.801343422,0.994457664,0.881925769,-0.619537292,0.985011633,0.928289104,-0.123320751
0.997951476,0.997931271,0.910391497,0.992671447,0.991354379,0.957456313,0.979839786,0.991304449,0.948892932
0.867761404,0.550677215,0.910731613,0.894344711,0.430050842,0.878509111,0.91944343,0.971057907,0.957694362
0.986717096,-0.108920291,0.559167198,0.997439898,-0.617161294,0.379995235,0.991951774,-0.44300479,0.548431279
0.954603389,0.892123772,-0.46921225,0.936972211,0.889355657,-0.144534509,0.930552141,0.978834248,0.254681081
0.997615366,0.995936414,0.998343411,0.996481739,0.99790637,0.997351888,0.999961655,0.996427897,0.99446877
0.973491943,-0.119536721,0.95952211,0.940789523,-0.828678835,0.974521146,0.915251976,0.360685631,0.999886705
0.801068301,0.972419798,0.99854767,0.437358629,0.987203085,0.997432114,0.193254562,0.974102659,0.99494561
0.999668597,0.370955384,0.978919359,0.991711373,0.523037223,0.99003616,0.999608054,0.987984329,0.998607871
-0.847024338,0.445719326,0.986161848,-0.582946303,0.654898918,0.975325921,-0.281152876,0.765758429,0.98852838
0.999036659,0.97487387,-0.267393015,0.988557296,0.931782099,-0.259337753,0.997514682,0.939782835,-0.111845959
-0.971546,0.971618678,0.999345332,-0.635391269,0.980780069,0.998111507,-0.879813701,0.985418939,0.99632564
0.992642585,-0.484988008,0.950092597,0.994459368,-0.509493499,0.827007594,0.997196585,-0.594110667,0.883834971
0.467662792,-0.481546599,-0.272540537,0.354244153,-0.560720077,-0.335751687,0.288381802,-0.43136027,-0.26383859
0.225178537,0.381394478,0.646245821,0.581223996,0.72518174,0.76615884,0.533670298,0.604983746,0.852516756
-0.765090486,0.594100443,0.435143448,-0.202817387,0.55551244,0.556400849,0.169762289,0.442574777,0.6132663
0.999682325,-0.501862738,0.952870277,0.999700345,-0.683730235,0.959791592,0.999944458,-0.507601013,0.940369722
0.037415523,0.935089534,0.993237956,0.837918178,0.942439281,0.994802882,0.959033334,0.978552207,0.991865996
0.995707989,0.990742929,0.999697217,0.998742119,0.979396087,0.998208949,0.998508901,0.976882828,0.997601337
0.617331358,-0.503658136,-0.437095985,-0.062170802,-0.437920343,-0.168809778,0.062034565,-0.636585214,0.369505495
0.975635657,0.980135652,0.963632893,0.98682085,0.959099397,0.976208362,0.980993377,0.965152636,0.958541481
0.972799195,-0.56768102,0.520910707,0.974636283,-0.51446878,0.344537613,0.92478893,-0.711719831,0.599840573
-0.027857638,-0.818477194,-0.325936316,-0.190459967,-0.523456192,-0.471239298,0.36996272,-0.894543639,-0.800409594
0.936833314,0.96439182,0.997264483,0.970644204,0.985003725,0.997469821,0.859466398,0.885871291,0.995908932
0.669918608,0.939994369,0.997400661,0.735017864,0.983661402,0.997479871,0.3927518,0.965024571,0.994254436
-0.022262676,-0.42011494,-0.667253579,0.01629489,0.837859576,-0.815492089,-0.139758923,0.560169401,-0.972260407
-0.25474546,-0.8190475,-0.416767969,-0.252761875,-0.75318859,-0.556102799,-0.344583098,-0.772398827,-0.068741172
0.795472439,0.795250087,-0.549665694,0.747576716,0.718900954,0.071377276,0.965775144,0.849749658,-0.19118492
0.620368834,0.814775742,0.998919877,0.631027774,0.963094817,0.99578883,0.729614338,0.814066224,0.997556077
0.414940375,0.812603869,0.352211543,0.605971934,0.894361877,0.091037807,0.156643437,0.615970325,0.196403205
0.501627527,0.148211229,0.846950728,0.361707076,-0.301683235,0.752385458,-0.177409156,0.024604983,0.275572615
0.844040147,0.786282167,-0.395749249,0.804602452,0.638993784,0.01699958,0.992792871,0.830471111,-0.132306495
0.978894528,0.789067107,0.996884598,0.979323252,0.786310033,0.990277985,0.989149949,0.709838756,0.999590134
0.917255019,0.710097693,0.999236611,0.57045427,0.709408149,0.998712209,0.758377335,0.521336132,0.999388425
0.754885738,0.065560756,0.999715145,0.914515665,-0.641614967,0.999039043,0.904981301,-0.888682937,0.998677216
0.994058687,0.970630053,0.999643032,0.982603673,0.968337955,0.999180598,0.990649117,0.985890321,0.996973812
-0.447074143,-0.17380737,0.352791378,-0.419515105,-0.784723415,0.33072551,-0.447153008,-0.556372857,0.155460255
-0.249076734,0.983705489,0.946047696,-0.213140591,0.997155241,0.954516671,-0.195110166,0.996115866,0.913346839
0.99873613,0.950104527,0.96375459,0.999580049,0.983723272,0.410769336,0.990218166,0.971192502,0.996819228
0.673731282,0.331274205,0.999024152,0.587132514,-0.057835177,0.996969164,0.791426299,0.330283672,0.986070803
0.999530298,0.725486115,0.977890599,0.999981578,0.47879468,0.781104506,0.999961308,0.61143917,0.901291781
0.605439929,0.03122902,0.968203758,0.508785741,0.599707579,0.994746879,0.694094038,0.419393685,0.984336756
0.999171663,0.96679075,0.997698536,0.998958289,0.796552165,0.998876866,0.997695571,0.746128083,0.998935524
0.982541495,0.044195565,-0.325031163,0.979046671,-0.037099991,-0.601409953,0.960918908,0.268884779,-0.718289765
-0.052451114,0.995068543,0.708426507,-0.033199103,0.993756399,-0.045375773,-0.006814242,0.986344893,0.40651605
0.364247041,0.882386454,0.782822179,0.216588982,0.931799489,0.74441386,0.745998484,0.575895684,0.754522208
0.99708353,0.822384543,0.840420938,0.993756063,0.661873135,0.795526104,0.993490092,0.789124691,0.784282045
0.814908516,0.954983281,0.989843515,0.862321132,0.973493219,0.998174401,0.407424892,0.87171914,0.997076812
0.999657677,0.995782939,0.998963736,0.998565404,0.981421078,0.999471978,0.997648815,0.99444271,0.986089932
0.982255406,0.96829011,0.988885832,0.988652112,0.937846956,0.989971885,0.985024117,0.94393434,0.969669669
0.989088645,0.811042921,0.215421355,0.994362453,-0.062479459,-0.027832407,0.993422873,0.47184165,-0.068459053
0.903251398,-0.400469596,0.003719208,0.896103161,-0.546997719,-0.260454771,0.997584646,-0.260905538,0.025204288
-0.415567535,0.871220106,-0.573416105,0.702803268,0.708803037,0.119579718,0.675029499,0.571490436,-0.224767891
0.487821503,0.221949121,0.860618366,0.863557153,0.162331478,0.898753827,0.545091008,0.188051147,0.764224046
0.603796993,0.993787275,0.99769061,0.172346933,0.976579991,0.999442688,0.856539021,0.996644057,0.999079727
0.754156718,0.97767917,0.32882213,0.79892114,0.962420905,0.728471036,0.603946712,0.94535003,-0.353511157
0.992941234,0.999823846,0.944356459,0.998035134,0.999247419,0.978884625,0.997578335,0.999229395,0.999958617
0.779460547,0.990466359,0.998982172,-0.097957719,0.989179904,0.999718655,0.45842229,0.850079501,0.999359311
0.98235856,0.998069071,0.981473363,0.972161533,0.999555385,0.987901716,0.94009836,0.996624293,0.960581193
0.999157254,0.999419961,0.001403017,0.998827278,0.999476676,0.458550974,0.991094806,0.996669007,-0.565730471
0.816388329,0.509987256,0.998945468,-0.146016609,0.21449789,0.998909945,-0.168053018,0.23577936,0.93626888
0.873918546,0.976492398,0.984927577,0.868277558,0.983955078,-0.259163215,0.86686086,0.886949713,0.626333477
0.693462648,0.943769492,0.999508787,0.767908505,0.638269866,0.998795893,0.922207195,0.830069836,0.942803776
0.068556989,0.723798788,-0.303685578,-0.162792118,0.659239377,-0.142562875,0.032612257,0.174230048,-0.275703363
0.977397823,0.639097692,0.329047243,0.915097914,0.536296997,-0.724486822,0.928065158,0.742240568,0.374013095
0.999946997,0.978158516,0.908830838,0.998896714,0.836808576,0.934658385,0.998977566,0.96664488,0.781465996
0.713795468,0.352660689,0.985148274,0.71743024,0.575895143,0.910931886,0.735769578,0.896050929,0.948832755
0.863739244,0.999843033,0.995074174,0.907886859,0.980902077,0.987961556,0.721424624,0.998094022,0.996453628
0.790005443,0.127879678,-0.087895352,0.519420616,0.181738531,0.125613415,0.177271895,0.614429228,-0.17387867
-0.668919495,0.456810452,0.996165672,-0.839879964,-0.110435208,0.987010272,-0.499931908,0.876491336,0.99567959
-0.109203166,0.861533742,-0.004656184,0.142406047,0.745399068,0.076558014,-0.155454122,0.721104195,0.901359486
0.361969936,0.854468234,0.098368861,0.506336085,0.945540586,0.674533186,0.403821859,0.830199249,0.688546427
0.137356591,0.949943633,0.979172718,0.466721125,0.972436002,0.976630867,0.458310458,0.962179741,0.981800225
-0.474752269,-0.445105751,0.437605837,-0.543952735,-0.395180283,0.810160872,-0.484226782,-0.483860557,0.750810187
0.993839587,0.941791988,0.884027297,0.994289025,0.99551928,0.435961448,0.999163812,0.963073553,0.876215209
-0.989861328,0.989865203,0.996975502,-0.754306157,0.9979972,0.989734418,-0.864154072,0.994011952,0.999301137
0.776327841,0.989609231,0.989311234,0.6866193,0.990976193,0.994052506,0.691412294,0.993654546,0.991374483
0.934772079,-0.210435673,0.202648905,0.597165243,-0.093959318,0.181306074,0.575663182,-0.336886811,-0.349885909
0.431801463,0.957544335,0.99498942,0.662934871,0.993479598,0.971291245,0.532353918,0.960549465,0.991224544
0.614213241,0.978606818,0.929123096,0.760218889,0.979471026,0.732020921,0.843152006,0.976962044,0.922078116
-0.564107766,0.957884606,0.994842232,0.051533441,0.993370339,0.987413489,-0.387289979,0.964876912,0.996945226
0.997893777,0.964835823,-0.440083323,0.997284367,0.951393318,-0.288133087,0.998976801,0.761055095,-0.268552134
0.913105376,0.841876097,-0.219361151,0.910960968,0.965346118,-0.153001289,0.85804795,0.949784349,0.078319855
0.998538084,0.871756904,0.812868665,0.994684483,0.97189591,0.878987894,0.994696642,0.813460311,0.887627856
0.828895228,-0.845703978,0.605931723,0.814637339,0.732834265,0.998539152,0.992711912,0.797964217,0.997116558
0.177844255,0.01154267,0.293843557,0.548038491,-0.064114867,0.842461354,0.718926732,0.283687749,0.855385746
-0.256461112,-0.871390409,0.522096609,-0.518779595,-0.873596386,0.455847535,-0.529451542,-0.874551605,0.488045059
0.770659689,-0.065432901,-0.242668649,0.804296206,-0.177714614,-0.110298074,0.418323373,-0.044167568,-0.375034771
0.999065801,-0.233614613,0.987546666,0.999687964,-0.218543473,0.960826158,0.99541168,-0.297002306,0.98435096
0.570516079,0.006282212,0.999996087,0.575121384,-0.312233832,0.988391484,0.207721502,-0.047413675,0.997943539
-0.490081341,0.701618895,-0.185437301,-0.571892663,0.719426523,-0.051301895,-0.900249828,0.668757757,-0.296599064
0.76804565,0.454305812,0.241808504,0.926209247,0.208345544,0.257371357,0.765181894,0.481286647,0.067957496
0.972139282,0.416716179,0.999428146,0.991837406,0.531571806,0.98774216,0.923651182,-0.003306727,0.999745727
0.945678561,-0.064736278,0.020198908,0.852408813,-0.052152222,-0.211232631,0.88306721,0.051838337,-0.228229358
0.989376171,0.983939008,-0.982647671,0.938935624,0.843974688,-0.316136421,0.958315855,0.937143205,-0.765791281
-0.617741071,0.940873108,-0.507487697,-0.717954412,0.61424863,-0.148983482,-0.688358898,0.802359881,-0.67347474
0.083932173,-0.17536299,-0.435437982,0.471538373,-0.016929231,-0.588071954,-0.09052322,-0.035724265,-0.506544884
0.99202171,0.985422684,0.480153274,0.994699341,0.738684266,0.960020974,0.998355968,0.88772598,0.427173054
0.583871198,0.912931963,0.688220665,0.597407432,0.977994693,0.730259766,0.544942198,0.992262369,0.724030896
0.368653157,0.971178496,0.345001398,0.375749495,0.926723701,0.567606379,0.187716116,0.949078614,0.481111065
0.404925267,0.327872829,0.99929114,0.81990487,0.583363367,0.993894855,0.35484995,0.171702173,0.99954917
-0.85112523,0.914987293,-0.588561323,-0.844048567,0.94684116,-0.52237591,-0.410094197,0.990443951,-0.493621963
0.994643441,-0.393589236,0.666241285,0.91752428,0.276406596,0.771048261,0.997196912,0.400800898,0.644845642
0.99161126,-0.02861865,0.99896644,0.981775989,-0.010819296,0.999093542,0.992373368,-0.006478279,0.997107886
-0.792422912,0.292828435,0.998703363,-0.972195294,0.059681673,0.999860399,-0.988241431,0.329981756,0.999268756
0.357079565,0.516773106,0.999785771,-0.073758365,0.1679761,0.999962616,0.424140503,0.858198062,0.998401841
0.36775396,-0.159448111,-0.726579803,0.205570719,-0.61527266,-0.553878267,0.400977327,-0.552279371,-0.726617553
-0.503434817,0.99034732,0.989227288,-0.699328392,0.969215471,0.997744096,-0.613863513,0.97992997,0.999795123
-0.265676719,0.994820677,0.995966019,-0.447315054,0.975696817,0.999855727,-0.345558519,0.98628487,0.998755755
-0.775987378,0.991677712,0.99293648,-0.437775656,0.972202711,0.99937484,-0.493891623,0.982160579,0.999660336
0.788519912,0.810520625,0.967498271,0.746697167,0.62447531,0.97551287,0.768827151,0.777322331,0.939600641
0.950117477,0.160179023,-0.123305733,0.999259924,-0.034245624,0.947068359,0.998877274,0.277036659,-0.141887345
0.459061088,0.913416444,0.154686804,0.851903044,0.938339826,0.730811903,0.89042647,0.861143696,0.277090421
0.958661948,0.962055999,0.456882465,0.999484846,0.989748997,-0.705813577,0.999570923,0.911641095,0.759052012
0.981457012,0.281843099,-0.019791094,0.994883087,0.137920664,-0.520075075,0.99407257,0.363085938,0.298007699
0.923434624,-0.378935189,-0.130283273,0.795099068,-0.150617769,-0.515224579,0.844358537,-0.217437133,-0.241827552
0.985061985,-0.321486889,-0.291829369,0.993693205,-0.176577962,-0.243551123,0.968125771,-0.157655341,-0.258877037
-0.005535436,-0.39055336,0.986921019,-0.195632801,-0.468041515,0.986636744,-0.181004772,-0.501688717,0.991092344
-0.292432052,0.398757208,-0.957731314,0.190085512,0.626757444,-0.046416282,0.199750811,0.957561984,-0.478985423
-0.216527063,0.951536015,-0.057295569,-0.05260376,0.995952358,-0.133720497,-0.32932197,0.979727793,-0.427925618
0.451762779,-0.067184616,0.857703541,0.439967092,0.30906148,0.979961981,0.740897005,0.001817759,0.970010762
-0.163314089,0.985261493,0.998058368,0.128045456,0.997674867,0.995406684,0.735270131,0.995794225,0.998984723
0.084608864,0.730452526,0.977975273,0.173538922,-0.22320943,0.987963719,0.11962457,-0.970039288,0.972213086
0.236628336,0.528809323,0.915772502,0.41928218,0.193147921,0.934845938,0.199897138,0.694779412,0.923153838
0.953522982,0.332012749,-0.565432626,0.793342803,-0.629501931,-0.72555105,0.877013574,0.1878087,-0.436507872
0.998758619,0.346055829,-0.642357586,0.996983047,0.262686368,-0.611713201,0.999825041,0.216524273,-0.385521521
-0.177972147,0.379685316,0.987751677,0.290012791,0.601266634,0.991839224,0.040543881,0.766809624,0.973243656
0.780004648,0.945155013,0.999209413,0.898027237,0.982610954,0.993348505,0.784139258,0.983416399,0.985533166
0.683316934,0.77166674,0.993256274,0.969114897,0.568008144,0.969770798,0.611236196,0.502603969,0.98782721
-0.213972119,0.457874522,0.91837265,-0.071961714,0.614574125,0.928361946,-0.384961342,0.685714432,0.897209199
0.98837061,0.895642925,0.231696933,0.972290935,0.695798951,0.701579171,0.941719857,0.840770578,0.485545262
0.772360467,0.925658433,0.914070643,0.937570205,0.99325975,0.837300266,0.604088964,0.981277914,0.931745917
0.999207561,-0.534857166,0.32569538,0.999187078,-0.438408007,0.606106862,0.999822088,-0.335800585,0.767373518
-0.69697049,0.625396669,0.992287126,-0.674483999,0.713916865,0.985732847,-0.728612001,0.725732319,0.98155359
0.426629105,0.983743007,0.215214933,0.326429227,0.975172297,-0.032028103,0.385255904,0.988745107,-0.207848993
0.454225803,0.927202668,0.45521852,0.015666105,0.957502271,0.389684053,0.221295284,0.913245989,0.964573911
0.026346231,-0.028889893,0.415926145,0.068636295,0.055828305,0.522352356,0.0407409,0.006100389,0.513594475
0.166589981,0.949672171,0.33458879,0.056696078,0.964475113,0.972266843,0.154093108,0.963214473,0.9717184
-0.543891996,0.976684719,0.978501283,-0.236560731,0.981484911,0.99179392,-0.251555876,0.98670933,0.998269875
0.995332155,0.771315363,-0.331468812,0.998781404,0.835554769,0.815977979,0.988672467,0.593870602,0.746354662
0.359983542,-0.421121283,0.865412633,0.176373804,-0.184791574,0.847004291,0.21567342,-0.180252667,0.890111652
0.997322994,0.245701734,0.126999012,0.995752194,0.287672716,-0.100523722,0.999104111,0.552578846,0.127194697
-0.631632702,0.771777596,0.110245641,-0.394411154,0.21508931,-0.314031941,-0.500556717,0.10515779,-0.102882415
-0.852015694,-0.137387986,0.933797076,-0.551224687,-0.144755089,0.97298374,-0.503438031,-0.160996463,0.984070032
0.650169332,-0.017912831,0.812902936,-0.207299887,0.222512,0.652097646,0.113821412,0.368243159,0.598827538
0.878904668,0.320211834,0.625607236,0.918071802,0.835102688,0.320502049,0.77941888,0.938192965,0.327117593
0.983162598,0.914217052,0.99273912,0.961123762,0.923764881,0.97021405,0.708400138,0.919811605,0.994942342
0.825926634,0.897449617,0.889099892,0.945304976,0.931151939,0.998596826,0.913355999,0.915229572,0.915436757
0.999820554,-0.483074333,0.999682745,0.999418184,-0.355468241,0.999170211,0.99930843,-0.69096341,0.999241316
0.998665848,0.997197435,0.994634626,0.999857398,0.993342271,0.999836283,0.99887158,0.717975563,0.97451994
0.999704329,0.861433396,-0.178504652,0.999434634,0.864375474,-0.468946786,0.998448639,0.888325692,-0.491286152
0.999588102,0.979396514,0.018696209,0.998264743,0.998518059,-0.054489012,0.998525861,0.907260401,-0.417102438
0.998704532,0.97554163,0.545624628,0.993407532,0.997268548,-0.488875366,0.993767921,0.543833623,-0.387554094
0.999291895,0.799785837,-0.102579669,0.994846572,0.860090132,-0.05111428,0.992175928,0.848615656,-0.281999934
0.999578648,0.975025367,0.047542258,0.998712131,0.999249352,-0.04543063,0.997330881,0.99407364,0.383967239
0.129479447,-0.285310291,-0.624863484,0.140186749,-0.428628826,-0.537459311,0.138868669,-0.301810358,-0.493640699
0.989432224,0.993061742,0.330145388,0.989028216,0.992694566,0.896359391,0.995192164,0.996149577,0.719027002
0.001133663,-0.588559244,-0.126353843,0.444335528,-0.523425726,0.005744989,0.604244127,-0.289737207,0.032008072
0.881705153,0.434444469,-0.222940217,0.375043951,0.272195893,-0.444487649,0.937467262,0.521038621,-0.623160407
0.999904484,0.95884643,0.839317203,0.996273632,0.985370636,0.537354496,0.99754212,0.995535939,0.420261963
0.419381163,0.746333558,0.213701459,0.090350497,0.924540879,-0.46681369,0.306219391,0.863910646,0.863527498
0.748754001,-0.091383734,0.684794793,0.363301598,-0.056571143,0.338650286,0.707127834,0.17417221,-0.043439843
0.518097536,0.99537704,0.997250665,0.24381511,0.994601221,0.99626777,0.482699334,0.990501021,0.983931308
0.712165526,0.996302363,0.982780245,0.853056881,0.886773792,0.986951402,0.963155277,0.994868374,0.987506379
-0.091541607,-0.672636764,0.915095164,0.781691113,-0.597441547,0.95637178,-0.632757339,-0.598497836,0.881579497
-0.431460871,-0.125287121,0.9996392,-0.612846537,-0.023724126,0.900691855,-0.782597392,0.0471385,0.997514954
0.998640765,0.996862905,0.990197805,0.997831283,0.987743883,0.405771118,0.996701821,0.961070725,0.986863425
0.999729975,0.984862976,-0.312199898,0.999980417,0.996679829,-0.31458976,0.999544431,0.980361033,-0.231978756
0.925755328,0.974825918,0.743919506,0.882931567,0.944353168,0.913957165,0.95937741,0.977718804,0.856632787
0.211469631,-0.223536392,0.250262043,0.340263539,-0.326895824,0.416927382,0.302638238,-0.433054776,0.750038111
-0.087074162,0.971474106,0.998228575,-0.208948469,0.996575453,0.997950091,0.125100316,0.884205005,0.996164742
-0.463048667,0.96798274,0.695920853,-0.604888592,0.991532244,0.732780394,-0.585640684,0.892406648,0.738731898
0.734492429,0.916175584,0.504588161,0.888474621,0.931159844,0.553730125,0.578605069,0.941940908,0.463679184
0.432870841,0.173683883,0.905330285,0.448621094,0.11790581,0.900395796,0.501523354,0.412731944,0.900813511
-0.259791907,0.969903295,0.529183103,0.153295493,0.984398685,0.219828818,-0.12332113,0.98042473,0.351557859
0.705921837,0.994013907,0.767433701,0.907555458,0.967115599,0.608325884,0.916087529,0.989675408,0.242551555
0.823689518,0.8645227,0.992407269,0.735976158,0.979439746,0.998564046,0.82256641,0.918446827,0.988127922
0.602771421,0.964625248,0.417244172,0.823542592,0.926960678,0.452395903,0.838558329,0.976532223,-0.11116522
0.286554161,-0.199903717,0.450218532,0.993378127,-0.418159625,0.858467043,0.982142847,-0.856922327,0.60396525
0.731556819,0.979100737,0.306195794,0.665060455,0.943565245,0.434560063,0.642110664,0.993816025,0.172186271
0.469859122,-0.269850612,0.663077535,0.162757738,0.018767899,0.69423161,0.175579002,-0.219100903,0.857212795
0.956594725,0.03793763,0.754737792,0.956712,0.157950863,0.317412641,0.912751219,0.222915623,0.545011458
0.939580381,-0.352329878,-0.665624575,0.762503724,-0.76385718,-0.697434969,0.961954838,-0.707007162,-0.526448758
-0.929528594,-0.733736692,-0.231240375,-0.531784797,-0.484376392,0.03862318,-0.486673375,-0.512138973,0.807146918
0.755660519,0.983774073,0.776119028,0.81133675,0.945006591,0.714849148,0.76373804,0.987454788,0.578796243
0.999987153,0.970351807,0.988063229,0.985361561,0.925189619,0.996486063,0.994947343,0.984153819,0.998716268
0.883869031,0.937532613,0.897407825,0.872198817,0.982640633,0.88240895,0.948383697,0.929203011,0.900040282
0.989129044,-0.514432005,-0.018730283,0.994105011,-0.786625028,-0.294176198,0.995177444,-0.607361244,0.204370412
0.968613837,-0.548242175,0.056401668,0.721852844,-0.676230913,0.103170236,0.773947016,-0.740158825,-0.403567252
-0.711384818,0.896409824,0.417771461,-0.716475437,0.902725306,0.294087129,-0.724115309,0.884853553,-0.417902827
-0.132902986,-0.579512561,0.266328649,-0.123837481,0.421203674,0.356490213,-0.14796241,-0.840922717,0.216484641
0.320552861,0.989238019,-0.47589232,-0.058496497,0.849870299,-0.865753309,0.440227339,-0.742872893,0.460324139
0.672721921,0.377995906,0.558279435,-0.086499736,0.807679348,0.052175228,0.119042587,-0.385788377,0.249364905
0.328015953,-0.03640317,0.65334259,0.451869074,0.909970635,0.291050827,0.094864873,-0.494641238,0.912053407
0.17075513,0.995083758,0.996012098,0.624730288,0.95500013,0.99602646,0.680941525,0.99907088,0.997581968
0.479314799,0.9541556,-0.443167628,0.448572517,0.864283379,-0.257584234,0.493489025,0.819832861,-0.371016155
0.090717843,0.994570817,0.993150953,0.450141609,0.994790697,0.992770961,-0.006390335,0.989511411,0.992228217
0.197166589,0.997322116,0.98925194,0.632467168,0.967262257,0.993254784,0.557918668,0.996361967,0.984183372
0.757579461,0.619317545,0.823276034,0.336005002,0.572323051,0.843497489,0.732989491,0.145684998,0.543217443
-0.380278437,-0.320836175,0.229200021,-0.151438295,0.891544139,0.592841876,-0.229313272,-0.460132104,-0.391786262
-0.253169049,-0.165358591,-0.985517176,-0.163618064,-0.129618759,-0.921629496,0.840098029,-0.01137261,-0.492900983
0.925278641,-0.725091626,0.889270169,0.833411328,-0.826321942,0.885026681,0.950628978,-0.987475985,0.908439964
0.374358417,-0.276090333,0.866019471,0.348570767,-0.487268746,0.943248747,0.394769726,-0.372706244,-0.450014459
0.999228345,0.877755052,0.636794305,0.999311038,0.840100383,0.416822693,0.997926843,0.471525473,-0.085794088
0.999512348,0.964844409,0.526168729,0.998688129,0.938866298,0.539166928,0.999857433,0.980659578,0.533612293
0.561913891,0.91822192,-0.825664861,0.567545029,0.858681264,-0.165859486,0.585793273,0.573288455,0.768499951
0.997201681,0.888475532,0.924991664,0.997597429,0.998836111,0.901287887,0.99832816,0.990920095,0.767402384
0.344851129,0.212170064,0.979723863,-0.535541056,-0.537533359,0.998214216,-0.825523252,0.033011109,0.998487317
-0.662867562,0.999853139,0.954863357,-0.47659674,0.969101738,0.997443182,-0.462295358,0.997282386,0.984293693
0.004880276,0.40233722,0.019729579,0.752490191,-0.032029803,-0.186871498,0.965025955,0.348604887,0.006029158
0.535984017,-0.376113996,0.947835176,0.434250081,0.326200732,0.962580015,0.711994401,0.526488945,0.975943578
0.518048647,-0.061751774,0.989800029,0.41823713,0.39205473,0.994477042,0.701002117,0.608204173,0.989559006
0.552038131,-0.083008059,0.995700011,0.556140046,0.518053349,0.999084878,0.524328058,0.615163511,0.974608788
0.207425755,0.999333226,0.995280244,-0.447119062,0.995855503,0.99807679,0.384030533,0.99959613,0.980034295
0.992221052,0.994009599,0.995410388,0.988652017,0.995631089,0.99847094,0.993801961,0.975668197,0.977624763
-0.118735661,0.039529461,0.930144168,0.059775189,-0.009111827,0.941308821,-0.197133857,0.025096115,0.952201976
-0.529970817,0.177671655,0.94067358,-0.514645995,0.17353893,0.935969638,-0.396595343,0.137055331,0.919292395
0.784110582,0.809727091,0.156212894,0.710823626,0.770044651,-0.026476385,0.684730081,0.785115766,0.160451711
0.990593194,0.967043708,0.178205686,0.997334898,0.994852999,0.244628719,0.997088901,0.978028961,0.496463623
0.400949152,-0.831457954,0.990600649,-0.19110826,-0.349771581,0.997144979,0.03605041,-0.370666866,0.980414119
0.999712027,0.96859094,0.999282005,0.999996793,0.999377584,0.998989223,0.999990698,0.988590131,0.995649812
0.016569782,-0.80380403,-0.20422791,-0.187074698,-0.274766553,-0.235219424,0.206543316,-0.644091779,-0.244914114
-0.118479335,0.657694863,0.742474819,0.268956934,0.730478667,0.932405187,-0.099735722,0.870467106,0.810865989
0.461483222,0.999825115,0.993121845,0.480596445,0.99773811,0.821453612,0.802858738,0.999828384,0.956407194
-0.2092409,0.961433863,0.478212834,-0.140663032,0.977894309,0.945422177,-0.115563608,0.954922736,0.801657191
-0.274515406,-0.817733571,-0.195577154,-0.295670498,-0.522459147,-0.350913587,-0.356343642,-0.500600888,-0.152447792
0.248604697,0.925641354,0.472304697,0.410084399,0.95978888,0.772205171,0.351461024,0.904398012,0.585794155
0.51386396,0.011157971,0.935696203,0.336178034,0.109573435,0.900710762,0.643048302,-0.333369132,0.968106151
-0.403237898,-0.553050823,-0.097753956,-0.053496297,-0.463914601,-0.455290257,0.120694136,-0.482340176,-0.444198135
-0.489050266,0.823766992,-0.28971057,-0.837851413,0.972278143,-0.30604009,-0.527038126,0.952347642,-0.338786953
0.555666969,0.858985129,0.9987909,0.437268367,0.979694727,0.996420282,0.71558713,0.946222455,0.999954854
0.972687267,0.940037177,0.998536457,0.942175043,0.894905927,0.998299713,0.908538338,0.928381324,0.999904994
0.327422809,0.887797836,0.996521837,0.33281771,0.99340366,0.975802881,-0.070101512,0.988526047,0.994779679
0.917605579,0.939546743,0.998016033,0.869749388,0.39815901,0.983422239,0.729011639,0.5592332,0.999001884
0.782656102,-0.623186691,0.690109753,0.871943153,-0.442946784,0.083226189,0.683644381,-0.579749403,0.610627599
-0.104663488,0.955304484,0.995299147,-0.20750311,0.985008745,0.976531435,-0.421555566,0.998110724,0.998414693
-0.457242435,0.631346474,0.882212149,-0.746156652,0.52874151,0.144685803,-0.333956633,0.516952184,0.827373309
0.663351113,0.918043566,0.791439617,0.962961119,0.883608966,0.135421237,0.943864116,0.950248505,0.217925749
0.979483627,0.983958149,0.416478432,0.989560403,0.860995523,0.989012852,0.986828515,0.961595349,0.660973682
0.99890073,0.91979785,0.99579975,0.999006525,-0.190151134,0.970351916,0.99518614,0.947575819,0.995497613
0.847338253,0.970405643,0.576946998,0.89647451,0.723629551,0.99496283,0.896631545,0.934350969,0.640637685
0.995781775,0.947867817,0.993723383,0.994347663,0.952163369,0.998454923,0.983246966,0.88711283,0.996596571
0.685775726,0.997972011,0.996316934,0.57560766,0.988036695,0.995658509,0.67355211,0.983905997,0.996703786
0.518530292,0.123428036,0.992704934,0.695771497,0.649975249,0.993498615,0.574622821,0.646958374,0.989662163
-0.420882868,0.992179107,0.999551524,-0.353286502,0.999235091,0.992977392,-0.374158531,0.984277226,0.993445605
0.30309735,-0.265226183,-0.20444778,0.075392751,-0.252143947,-0.338957174,0.677173526,-0.331091695,-0.044514214
0.392584637,0.665394124,-0.575808452,0.397513078,0.881131999,-0.960052344,0.616117537,0.352589779,-0.862904902
0.693024758,0.135419371,0.993759022,0.874350691,-0.056711498,0.994796008,0.777129252,-0.154380737,0.987353515
-0.738400379,0.995400397,0.999353753,-0.298833457,0.996333252,0.996914194,-0.450977192,0.976373127,0.999101929
0.999512607,0.992727882,0.37358381,0.995716119,0.762151136,0.664888182,0.998905403,0.948974939,0.892631411
0.381304717,0.655185551,0.339636403,0.437612283,-0.147505536,-0.443031063,0.35218571,0.916027237,-0.913148992
0.926781373,0.984244197,-0.311236665,0.883544945,0.969615798,0.841428198,0.752607754,0.927022625,0.849406785
-0.689074877,0.584363504,0.990453786,-0.795630076,0.899861726,0.986814262,-0.56208887,0.95960838,0.963781241
0.993221471,0.993718434,-0.739925974,0.871129934,0.923523768,-0.525075105,0.99648767,0.972466397,-0.600589859
0.914083951,0.951323833,-0.202498404,0.926671524,0.917944828,0.228853333,0.901939983,0.988755056,0.938758949
0.998458602,0.86136886,0.714841467,0.999555185,0.992592764,0.909187882,0.999391548,0.997664663,0.962575694
0.780077812,0.643646763,0.921174175,0.944374246,0.362907964,0.952499449,0.926467212,0.373552645,0.885125374
0.927994129,0.019359975,0.948551743,0.838971751,0.139675904,0.985983868,0.847879545,-0.025464481,0.97896448
0.99910427,0.948719898,0.326273095,0.999521682,0.984494251,0.181642437,0.99575608,0.990607719,0.832350523
0.132863245,-0.151530637,0.905278594,0.075024755,-0.227020888,0.914510142,-0.122852648,-0.425000467,0.852902324
-0.12157782,0.441245207,0.686643797,-0.093659551,0.599242514,0.754063823,0.082252982,0.580351197,0.764044656
0.600943151,0.839588759,0.12663704,0.58489827,0.818970101,0.440048043,0.45714137,0.767646384,0.216324244
0.016832236,0.376215916,0.999327806,-0.018442439,-0.016592383,0.996629032,0.060644966,0.561869703,0.97914153
0.813546471,-0.142425392,0.999607388,0.957258747,0.144588956,0.9965585,0.972902687,-0.451800122,0.99958021
0.998284655,0.97875939,0.999689732,0.999700797,0.99557599,0.996726771,0.997360665,0.998678353,0.999264254
0.999327333,0.249118621,0.409596331,0.998113363,0.201381152,0.777815698,0.9884506,-0.374797809,-0.114794205
-0.852484705,0.767898802,0.980015505,-0.973269688,0.934048212,0.994354577,-0.963070305,0.843476107,0.995257363
0.99223668,0.902588802,-0.313597899,0.999482667,0.602814195,-0.376024561,0.98546642,0.988029948,-0.35673322
0.422246718,0.996617665,-0.910876777,0.022405866,0.918349725,-0.990290717,0.071433012,0.913950504,-0.890494496
-0.32522168,0.738980412,-0.337870163,0.043055453,0.486275228,-0.035610602,0.112876518,-0.258362471,0.254475148
0.110209779,0.656255408,0.9997968,0.713577723,0.460197731,0.980668602,0.217582392,0.471431258,0.987028545
-0.682786593,-0.618644995,0.713350805,0.134753242,-0.792263142,-0.096828712,0.010271523,-0.493539507,0.593900228
0.94603735,0.092208159,0.99959675,0.998644139,-0.021493141,0.99915047,0.998201097,0.023442852,0.998323128
0.08154346,0.992864339,0.998455108,0.837891489,0.999862811,0.999878339,0.434965605,0.996849409,0.996285582
0.585143549,0.921766577,-0.112586403,0.534920125,0.913585969,-0.278342244,0.648699854,0.946247493,-0.129826442
-0.429001789,0.990632107,0.654326436,-0.642187493,0.997685032,0.815416618,-0.549520152,0.978797849,0.746066895
0.848599603,0.97317873,0.680055999,0.871831646,0.898062225,0.446149836,0.867424561,0.98372276,0.499970407
0.564007633,0.653809829,0.927017363,0.520563662,0.260504404,0.861379569,0.726857615,-0.168928699,0.901435063
0.978355659,0.978778845,0.526893361,0.971917814,0.994829381,0.882358268,0.975066904,0.983890531,0.655886591
0.930875103,0.779552396,0.973355778,0.940994911,0.972931354,0.840389311,0.853123514,0.997563866,0.940300764
-0.514532192,-0.148033014,0.608359614,-0.104679855,-0.289976094,0.215175229,-0.741655391,-0.299760698,0.594217185
0.449136568,-0.62571391,0.997403179,0.930459875,0.239353767,0.991020094,0.88081774,-0.355219066,0.987922209
0.472564201,-0.475280732,0.998858688,0.93210941,0.836558887,0.992372937,0.618307341,0.455403503,0.993104626
0.998748779,0.471006378,0.172228907,0.99947543,-0.043166691,-0.208825276,0.999778882,0.856741693,-0.475739538
0.673937776,0.178199761,0.886505805,0.771103625,-0.013085433,0.892495735,0.867198294,0.46793043,0.060002246
0.762707857,-0.481918877,0.989731686,0.940111931,-0.469828721,0.998603675,0.97491114,-0.49477733,0.994116999
0.067869711,0.491937766,-0.240001671,0.182117504,0.347057088,0.477151428,0.233169776,0.480023607,0.663143522
0.99929088,0.990970301,-0.403304798,0.999743191,0.943604697,0.626258183,0.990209826,0.962545169,0.81317082
0.635133818,0.999390716,0.03785586,0.48576328,0.920054023,0.67333368,0.3716912,0.935871357,0.870980082
0.676170552,0.996606496,0.997888787,0.631830875,0.971816369,0.999707212,0.774512097,0.965247766,0.99746719
-0.427955854,0.972748473,-0.694977507,-0.63995234,0.990234687,-0.520808539,-0.668272776,0.957446882,-0.343890963
0.994226691,0.975811447,0.992242274,0.999987249,0.985968295,0.995637134,0.995557154,0.948343119,0.997420777
0.988313039,0.998649275,0.992364876,0.999238804,0.99773473,0.992835218,0.912888514,0.986547624,0.996720177
-0.552473461,0.706708628,0.134062181,-0.614895052,0.898197866,-0.461146294,-0.988200005,0.500471377,-0.467215451
0.169070694,0.998842052,0.422432421,0.003731711,0.994612605,0.496779406,-0.077411543,0.480347319,0.454276658
0.646561658,0.986938067,0.999821199,0.772369783,0.948461969,0.997052888,0.696774728,0.459116616,0.963975723
0.851405703,0.998476753,0.996050701,0.870141004,0.995874725,0.983392282,0.821757168,0.547082587,0.958012734
-0.930450762,0.589392417,-0.580746558,-0.68680652,-0.018882631,-0.671410557,-0.952147122,0.135444177,-0.536139403
0.807151664,0.987053715,0.970571084,0.322301065,0.981468549,0.985877872,0.686703376,0.985297156,0.990768774
-0.831237534,0.874289817,-0.41930938,-0.848519917,0.705126978,-0.417346512,-0.734041224,0.064970866,-0.352393096
0.59073054,0.939526258,-0.359399374,0.995586715,0.986831607,-0.376038666,0.977578136,0.918930215,-0.266359369
-0.555250509,-0.565694439,0.831885274,-0.527281401,-0.609738505,0.693161693,-0.443896093,-0.29042958,0.847988487
0.999973273,0.963094748,-0.096244185,0.999251731,0.821522161,0.134366559,0.999672305,0.994442561,-0.03322589
0.671612411,0.965121388,0.40374893,0.461548663,0.995122304,0.735745171,0.629386997,0.956259435,0.630853511
0.474996685,0.990773583,0.979301064,0.390660717,0.966535051,0.978416222,0.002854921,0.991755059,0.948341789
0.873200269,-0.573619062,0.969828329,0.758134392,-0.802574765,0.725854588,0.809463567,-0.405003158,-0.439906869
-0.498945637,0.105046497,-0.216164394,-0.235320589,0.219741088,-0.206803579,0.402110989,-0.233262735,-0.31499293
0.467227201,0.98261363,0.988498366,0.514760459,0.951679676,0.990941834,0.622728666,0.942153729,0.998797694
0.739482451,0.969179636,0.999125467,0.867453991,0.985948031,0.998807303,0.991884368,0.924826077,0.993968795
0.435554674,-0.153822538,0.988712597,0.389311943,0.012746154,0.99496372,0.721464528,-0.402653263,0.976562854
0.896103414,0.818830474,0.137582063,0.79347742,0.871120328,-0.11742484,0.965441865,0.694428398,0.430144349
-0.094500512,0.997720469,0.100022518,-0.23409499,0.638652283,0.50292106,-0.208106587,0.707300297,0.345613978
0.605996397,0.874812065,0.995910639,0.766657502,0.838508377,0.998660151,0.961710351,0.936874485,0.992815816
-0.498584168,0.844807656,-0.652976143,-0.041727686,0.906145554,-0.40056555,-0.540754293,0.849030251,-0.594349853
0.998903518,0.591846887,0.642319832,0.984529365,0.070509229,0.459063128,0.970157182,0.302048801,0.784872546
0.910621913,0.992524085,0.990420834,0.968099214,0.972866273,0.982277339,0.500838032,0.91891826,0.999384494
0.798366871,0.832684793,0.987063249,0.740731321,-0.571392628,0.97911326,0.623984411,0.484116436,0.999116884
-0.437004514,-0.650152192,-0.964091815,-0.476517703,-0.187849503,-0.365011875,-0.455522863,-0.062959593,-0.639102573
0.994820833,-0.422630294,-0.881176123,0.997443827,-0.798073178,-0.015864528,0.973270759,-0.477462365,-0.518209702
0.349047159,0.943699189,0.786875823,0.277777851,0.986609178,0.995364319,0.178385756,0.975287656,0.951338529
0.480117588,0.981749189,0.992738155,0.316130717,0.972922748,0.958755329,0.003900712,0.995629009,0.975716356
0.634565368,0.960272195,-0.207962161,0.474110248,0.985817452,-0.172611664,0.732963218,0.995155374,-0.240647951
0.975292002,0.982331264,0.998794903,0.963133461,0.989377991,0.997007836,0.332457536,0.992260167,0.995801303
-0.526685922,-0.560177367,-0.420361339,-0.267166909,-0.576354979,-0.457396317,-0.428931731,-0.594414063,-0.463264967
-0.692059298,0.98324281,-0.571781197,-0.917991319,0.993539909,-0.923542601,-0.992032538,0.98665604,-0.89305215
0.100485344,-0.137661986,-0.287662434,0.16625957,-0.247869953,-0.36598281,0.200515506,-0.073320909,-0.381865812
0.948107987,-0.334909762,0.641807981,0.746712912,-0.399352994,0.41631189,0.747251063,-0.408078905,0.136084522
0.53382586,0.605128813,0.991868865,0.817095203,0.679838109,0.994932946,0.808328664,0.982952029,0.978457411
0.617327864,-0.485533257,0.983528441,-0.28706794,0.619236653,0.982242706,0.262702423,0.829112746,0.986971351
0.100144892,0.965764472,0.095323643,0.130320995,0.999725382,0.048416338,0.105742043,0.991526707,0.248977722
0.553797418,0.494345007,0.964909672,0.663029825,0.564949959,0.982688919,0.667894786,-0.053326899,0.989478617
0.047579922,0.291813161,0.993273625,-0.010685057,0.522515683,0.98875886,0.196399093,0.652773375,0.988068866
-0.186530055,0.910270987,0.995946142,-0.666079247,0.879028327,0.988316384,-0.168168366,0.843913205,0.975072205
0.852594215,-0.097511131,0.974636963,0.89648993,-0.129428065,0.98904746,0.957500481,-0.087204648,0.960197899
0.996390675,0.963791019,0.993916694,0.997681012,0.9748972,0.998491241,0.996744096,0.994562146,0.997661927
0.999971092,0.3763511,0.783514808,0.997271214,0.314020229,0.966369405,0.999439582,0.451349781,0.831863485
0.999800239,0.762963298,0.710922432,0.998644724,0.983549033,0.787855573,0.999425503,0.836653891,0.67582436
-0.182001492,0.958140584,0.997601378,-0.168621568,0.870705163,0.989433171,0.056461531,0.983625826,0.992754291
-0.099516528,0.998822714,0.991517886,-0.130732976,0.972315747,0.995912423,-0.105891488,0.995220435,0.989189985
-0.658515055,0.979674815,0.994578651,-0.435061967,0.929403006,0.999154375,-0.657691643,0.967951162,0.994457702
-0.770802765,0.989575365,0.999871704,-0.458028251,0.991663477,0.994119497,-0.370901998,0.993438761,0.996871201
0.990151915,0.974837531,0.554256008,0.984970474,0.953440315,0.053366601,0.517295169,0.932421771,0.254340549
0.676334901,0.098110166,0.999605165,0.708032502,0.146099553,0.982031432,0.866157688,0.169597291,0.998210368
0.998965869,0.989188556,0.901111978,0.999974708,0.982559962,0.872001484,0.988955466,0.892019562,0.824708635
-0.519029808,0.685852605,0.484258136,-0.465887417,0.555253338,0.769461881,-0.319718417,0.72329354,0.872519322
-0.390234873,-0.598998007,0.997457998,-0.394915532,-0.586942194,0.232729286,-0.398109532,-0.122008537,0.272138024
0.320754481,-0.559157375,0.999441627,0.218863096,0.037528735,0.997814852,-0.066123811,-0.59283911,0.999447582
0.740026324,0.992828578,0.652297602,0.541683407,0.982388069,0.751689241,0.979231849,0.984140487,0.37087596
-0.32460078,0.963536472,-0.342846698,-0.305451939,0.987673797,-0.364398829,-0.393335461,0.930018577,-0.296999599
0.80962035,-0.179359177,0.987923887,-0.119314372,-0.066824461,0.999899087,0.301279071,-0.253993472,0.992297423
0.694697005,0.989453575,0.985552133,0.724465671,0.967377723,0.999576368,0.584525122,0.991721218,0.991145011
-0.787085445,0.962708946,0.395934629,-0.809973737,0.993398671,0.515815713,-0.897692607,0.95298633,0.853918134
-0.551634699,-0.399177562,-0.294338474,-0.3900472,-0.492232037,-0.383056334,-0.773694603,-0.36918593,-0.544947574
0.909500103,-0.858524911,0.973124281,0.516266962,-0.391765237,0.991839076,0.658684109,-0.291868673,0.995227903
0.196552682,0.832239251,0.962915103,-0.099134031,0.926762457,0.946288421,-0.193907602,0.979708414,0.931539991
0.82028198,0.983801377,0.990016925,0.534084963,0.977919509,0.998368266,0.774931958,0.912661396,0.999481171
0.756232059,0.098585897,0.993027,0.647573298,0.170398323,0.973856767,0.777925809,-0.176957594,0.992926732
0.972422654,-0.390408482,-0.056309841,0.966703841,-0.602514065,-0.233946336,0.945410703,-0.973211931,-0.131687759
-0.976470533,-0.050004453,0.967320932,-0.927367168,-0.059048455,0.153816041,-0.688548248,-0.243321944,-0.217757064
0.862606491,-0.761896204,-0.390887652,0.802870756,-0.715515016,-0.055333878,0.757660206,-0.656113314,-0.207987403
-0.549216217,-0.448805668,0.995753608,-0.398351185,0.628913108,0.978061717,-0.293390263,-0.953492526,0.980335978
-0.666669952,0.988193309,-0.297023654,-0.711348414,0.975670134,-0.29033858,-0.611384983,0.990299673,-0.200987575
-0.328240961,-0.462586306,0.700666945,-0.293888084,-0.608448814,0.330554115,-0.316807029,-0.439624906,0.106247064
-0.153849793,0.392013303,0.698122502,-0.152971416,0.562103279,0.190215755,-0.113013381,0.980786574,0.027638538
0.489907665,0.033622592,-0.582593477,0.891881631,0.109827182,-0.614006124,0.913510291,0.089448386,-0.401681128
0.990481732,0.889694306,-0.597378504,0.983114128,0.783540917,-0.767664545,0.98374285,0.939757875,-0.643358355
0.460552649,0.699735053,0.665898365,0.784731673,0.578304262,0.64059876,0.704788402,0.876695067,0.5592444
0.059234918,0.998936384,0.991517237,0.250889779,0.997721047,0.993347236,0.565098832,0.989015756,0.997688237
0.793391039,0.999490205,0.99782539,0.887005496,0.996762823,0.998742233,0.654208392,0.973442161,0.999994723
0.656107075,0.747510878,0.997928814,0.911300372,0.833817857,0.999311889,0.848620704,0.66067511,0.989278889
-0.672794562,0.166748973,-0.052608825,-0.865903732,0.430318463,-0.090202524,-0.744154108,-0.268209981,-0.141052752
-0.251905878,-0.675586412,-0.655138303,-0.210065697,-0.512983876,-0.468049121,-0.203642956,-0.601613553,-0.164070529
0.185800738,-0.539504685,-0.520586016,-0.170937613,-0.588362914,0.016808616,-0.03249882,-0.4647458,-0.427262078
0.409670153,0.999191081,0.981175851,0.283733114,0.986666135,0.951862602,0.79908979,0.991325265,0.988749796
0.289525081,0.954184284,0.97639109,0.580127872,0.954945202,0.961264015,0.574114805,0.968143265,0.978008172
0.804932899,0.029910787,0.678004512,0.990897402,-0.161882518,0.789801223,0.914322086,0.053302385,0.828377949
0.543308462,0.949486745,0.997821945,0.714645277,0.976565903,0.987840582,0.871676257,0.948091959,0.986292738
0.038456537,0.569014196,0.831705667,0.045705564,-0.575321737,0.714941346,-0.254750375,-0.494409185,0.880271366
0.724660232,-0.628990079,-0.306928214,0.325894204,-0.698618037,0.809259509,0.074926961,-0.604340986,-0.11716131
0.870475107,0.999130704,0.990976872,0.852973441,0.960374174,0.991325008,0.854263973,0.997248018,0.982354549
0.762655615,0.723350901,0.994823149,0.493371977,0.797203449,0.97537517,0.733586862,0.774201789,0.993322174
0.26614564,0.49773232,0.999471662,0.08263669,0.383387832,0.993769121,0.113947489,0.416260514,0.996020773
0.99245911,0.982475475,0.999005278,0.993629054,0.98245611,0.998157163,0.991382806,0.991471408,0.999041345
0.829141924,0.9835501,0.266747018,0.758934687,0.850167942,-0.127870837,0.90522295,0.19414345,-0.474242122
0.999097839,0.800883931,-0.263548675,0.997785358,0.836977718,-0.123567389,0.992076402,0.635134392,0.078451963
0.997165825,0.996295144,0.998693539,0.9946697,0.997711066,0.995950033,0.997387239,0.993865084,0.99809288
0.667714761,-0.588137478,0.992124755,-0.410951929,-0.448228278,0.975692332,0.2485636,-0.88470587,0.993523815
-0.129234392,0.994138921,0.994018287,0.363877342,0.998960302,0.984883754,-0.705355846,0.978853298,0.99686246
0.597487957,-0.014616048,0.997356762,0.373013977,0.171889488,0.987500065,0.670356157,0.96519999,0.996243208
-0.201297002,0.996860893,0.990985107,-0.072439042,0.999882679,0.943330581,0.249166897,0.955034177,0.990714003
0.856102825,0.984004518,0.980457769,0.872227558,0.811574383,0.902676364,0.85767535,0.958769298,0.952688745
0.999358855,0.466416977,0.723326183,0.997777818,0.321669195,0.632041709,0.976907505,0.455212992,0.642963953
0.661704287,0.960454811,0.997741272,0.801747198,0.939168506,0.995898157,0.56438443,0.620561258,0.999700221
0.270374129,-0.216126544,0.998550874,0.615597876,-0.384951398,0.998199328,0.285605096,-0.580892642,0.99634088
0.58831528,0.999660808,-0.878030641,0.628585322,0.999715523,0.752861608,0.33840475,0.980090795,-0.122343036
0.134376004,-0.638459578,-0.621031069,0.170987127,-0.926268311,-0.994994151,-0.076741964,-0.863400435,-0.921402565
0.503340916,-0.963837847,-0.882981042,0.276141825,-0.967508687,-0.48826175,-0.008398144,-0.969865646,-0.19020643
0.997403611,0.999566779,0.472562637,0.998105093,0.991349021,0.511262808,0.999882889,0.985650003,0.748284218
0.993779691,0.996943484,-0.590952195,0.993050517,0.974063094,0.329471853,0.996267191,0.971953477,0.869797692
0.887942407,0.959678407,0.230358823,0.980309499,0.905844921,0.058529014,0.9569731,0.982447355,-0.76012886
0.991648915,0.998265031,0.440608289,0.99942991,0.98804693,0.718659267,0.997352724,0.980122083,0.435490031
0.707695289,0.995899024,0.395836625,0.715761203,0.993164428,0.170965819,0.720737372,0.998046015,-0.075688098
0.784827092,-0.289286898,0.995579181,0.639741096,-0.341117511,0.995248064,0.733392371,0.042865604,0.99897451
0.997966352,0.926378332,0.472866281,0.999322121,0.988722732,0.849544319,0.99612006,0.963618349,0.537997052
0.225356299,0.974944156,0.967957296,-0.356886126,0.972260571,0.912778655,-0.302231345,0.988139854,0.962142562
0.527553241,0.899971627,0.945245397,0.494300505,0.990582412,0.990121813,0.729971954,0.998237718,0.954914317
0.153571904,-0.793661229,0.988565374,0.293342341,-0.894024293,0.99388654,-0.308490443,-0.808182066,0.939730474
0.312833024,0.966259748,0.991167744,0.675321027,0.9000826,0.990656028,0.733143892,0.928935214,0.997183832
0.324218585,0.828350812,0.987913863,0.044617439,0.724582012,0.979692993,0.364642769,0.705861168,0.999722184
0.415653436,-0.829671047,0.9454588,0.238511446,-0.968915114,0.992825821,-0.040407617,-0.966440764,0.963385627
0.509516626,0.313878551,0.953427833,0.777965506,0.39874358,0.985856179,0.157002921,-0.046932904,0.985145645
-0.010308835,-0.947377596,0.957192662,0.539397675,-0.994892663,0.98815437,0.341696271,-0.882020926,0.884557611
-0.743826737,-0.942645611,-0.459132463,-0.067076825,-0.863239493,-0.621433823,-0.206230528,-0.857400496,-0.277364746
0.00981605,-0.520747471,0.29183411,-0.694794563,-0.915741216,-0.13688804,-0.505094186,-0.631296313,0.117658516
0.649087657,0.961609767,0.721012177,0.671060248,0.994979147,0.956779459,0.63622207,0.988294607,0.777034249
0.999313475,0.998849211,0.99181495,0.998650234,0.987544751,0.994208803,0.999736022,0.982888405,0.993911785
0.723909317,0.993943453,0.999364824,0.975593821,0.997036943,0.99998722,0.723248231,0.992994416,0.99976529
0.290184836,-0.389624437,0.946884948,0.207127891,-0.382702356,0.41820143,0.143234051,-0.42154559,0.748370856
0.879321353,0.974210321,0.195631043,0.719904066,0.99571082,0.614079057,0.161493789,0.999982588,0.448533868
0.999120239,0.911461596,0.99628196,0.999892674,0.968140737,0.999450115,0.9997515,0.971413058,0.998692828
0.82143791,0.201599656,0.993604968,0.619291165,0.347886395,0.976010073,0.360069687,-0.413232235,0.990867525
-0.161527349,0.196341054,-0.088137568,0.20223809,-0.189394584,0.363284667,-0.072974311,-0.165105755,-0.116516091
0.579525174,-0.009999476,0.57127689,0.303344701,0.179885682,0.576143473,0.446902813,-0.503103063,0.577952769
-0.122722165,0.886970103,0.701797476,-0.011554535,0.960202351,-0.003957818,0.313299152,0.924062664,0.908477873
0.990407707,-0.268037881,-0.684982071,0.979321545,-0.300894666,-0.312808288,0.994101857,-0.386651193,-0.299027832
0.707674763,-0.972417378,0.687729181,0.747852609,-0.316091111,0.466308098,0.412333849,0.695622756,0.569805485
-0.216540901,0.942131349,0.175032349,-0.450196723,0.990151758,0.814466658,0.552955853,0.717440541,0.058301109
0.824244402,-0.729157755,0.699417053,0.753381827,-0.267785791,0.436454359,0.839172012,-0.056167975,0.097434199
-0.547150256,0.036515674,0.215399051,-0.330776082,0.124512606,0.776758561,-0.20446804,-0.552726133,0.654833486
-0.851121214,0.882744804,-0.713062373,-0.689285631,0.963708541,-0.733461762,-0.240470965,0.63539181,-0.660062018
0.88079618,-0.565570651,0.868678759,0.851677107,-0.39386798,0.894650803,0.901996058,0.367906968,0.798386365
0.735305951,0.989046027,0.99944189,0.63786258,0.958701798,0.986605664,0.837846057,0.957401489,0.98385887
0.600700393,0.950623589,0.999917661,0.609852445,0.963193392,0.997631181,0.478923329,0.978380002,0.971704096
0.793831628,0.918288385,0.99979302,0.59017622,0.985790381,0.995078716,0.793932852,0.936735488,0.975118418
0.029477995,0.623094633,0.997285557,-0.228503596,0.449161356,0.988133856,-0.087112436,0.475679334,0.987895858
0.673649768,0.99947692,0.997775855,0.78545945,0.9478968,0.998723415,0.780770838,0.886710391,0.970756003
0.10481587,0.707251618,0.51511376,0.059333867,0.726753018,-0.687503665,-0.236166237,0.045585973,-0.145574986
0.519162487,0.983400711,0.986859038,0.614122799,0.946320522,0.99557719,0.622151921,0.963641501,0.996130421
0.988635455,0.987488218,0.848283456,0.994158538,0.878127271,0.639117247,0.997058197,0.997747245,0.55757091
0.999598737,-0.29185797,0.671643518,0.998980393,0.023811319,-0.206559577,0.999900294,-0.338505262,-0.2909802
0.873746199,0.961755124,0.967330725,0.887086139,-0.369942819,0.743963145,0.171216701,-0.010456584,0.736993868
0.977109891,0.985872644,-0.66822188,0.807240887,0.9113797,-0.85715053,0.983729861,0.143587365,-0.560465644
0.999434018,0.959377581,0.712271147,0.995899844,0.896132167,0.653008909,0.999565717,0.97727588,0.707804374
0.998855453,0.961306516,0.999599084,0.917591949,0.999324697,0.995189171,0.998849793,0.996398139,0.999754222
-0.655637386,0.351595719,0.999681971,-0.519805042,0.95746563,0.997968638,-0.652876036,0.546752985,0.994351113
0.675336674,0.970944564,0.985048757,0.754432612,0.995676778,0.963366979,0.400053366,0.993277992,0.964810749
0.043506412,0.941029352,0.96744203,-0.000742811,0.989582771,0.984661332,0.3776446,0.995991804,0.982137318
0.70932436,0.915847943,0.895509014,0.859360668,0.981948606,0.920878525,0.954712764,0.992105031,0.925853242
-0.2192956,0.939812894,-0.114165955,-0.186594727,0.992048866,-0.177911965,-0.192845391,0.996786484,-0.056738737
-0.080664163,0.905420402,0.998250209,-0.386361749,0.834890764,0.998187879,0.108422595,0.819377333,0.998160839
0.608312472,0.818206637,0.55920769,0.738954903,0.939869458,0.722094223,0.710513539,0.950428749,0.487834567
-0.854612369,0.894867552,0.997788043,-0.607374455,0.979738933,0.999264901,-0.524001137,0.924634077,0.985203088
0.618199401,0.91915489,0.993538034,0.99319395,0.993415136,0.23731765,0.675768946,0.999110998,-0.180701156
0.653937256,0.928513195,0.998615456,0.757377738,0.995797979,0.995725496,0.393578275,0.984581338,0.997683073
0.855494908,0.814927594,0.979648154,0.996639972,0.947631906,0.966904132,0.996983372,0.881098356,0.974123095
-0.232083921,0.543082882,0.997154242,0.030568767,0.435813156,0.99957053,-0.188260074,0.514607508,0.997974458
-0.096066969,0.978546152,0.999885055,0.81836282,0.98460511,0.996966853,0.715162985,0.975168724,0.999441864
0.980719587,0.529892851,0.998990605,0.288730129,0.931614295,0.996986834,0.467112775,0.687807097,0.99798305
0.998763708,0.349112949,0.733678767,0.99945456,0.370084761,0.855585633,0.999971733,0.433373575,0.74921791
0.991046873,-0.536549953,-0.428694634,0.99096572,-0.657782784,-0.175140326,0.987610915,-0.661750032,-0.136725364
0.998203565,0.986936075,0.984533522,0.99809768,0.958603591,0.886472845,0.998779859,0.89912513,0.896097237
0.494357906,-0.675088423,0.88462823,-0.013918678,-0.458238579,-0.0120174,0.814574673,-0.548481796,0.838934204
0.999748432,0.975693101,-0.926360573,0.997874167,0.993670404,0.372956237,0.995991921,0.953210859,-0.703987921
0.762457647,0.137265474,0.971466647,0.698740945,-0.214374053,0.93215919,0.921957406,0.436843653,0.992256369
